Actual_Close,Predicted_Next_Close,Action,Portfolio_Value
314.0,310.7989758558722,HOLD,10000.0
318.5199890136719,314.3953746638587,HOLD,10000.0
318.3399963378906,314.6231529895336,HOLD,10000.0
321.17999267578125,316.7361495006555,HOLD,10000.0
315.260009765625,312.3786233912913,HOLD,10000.0
313.8500061035156,311.42473930456214,HOLD,10000.0
325.9200134277344,322.95825073874926,HOLD,10000.0
332.8900146484375,327.38867744896606,HOLD,10000.0
331.2099914550781,326.1873627576187,HOLD,10000.0
328.3900146484375,323.42746416550597,HOLD,10000.0
332.5799865722656,326.75822817522476,HOLD,10000.0
335.3999938964844,329.896708700411,HOLD,10000.0
335.94000244140625,330.87830600688056,HOLD,10000.0
333.67999267578125,329.1918141357399,HOLD,10000.0
323.3800048828125,321.3656111866183,HOLD,10000.0
325.260009765625,321.883226608594,HOLD,10000.0
326.7900085449219,323.69945594639086,HOLD,10000.0
331.8500061035156,328.27412391438753,HOLD,10000.0
334.2900085449219,330.0786107271053,HOLD,10000.0
337.3399963378906,331.7111877441884,HOLD,10000.0
348.1000061035156,340.93278008443826,HOLD,10000.0
342.3299865722656,336.9312512198155,HOLD,10000.0
338.04998779296875,333.58905223432953,HOLD,10000.0
333.55999755859375,330.1299714797654,HOLD,10000.0
339.7099914550781,334.6393123080055,HOLD,10000.0
335.0199890136719,331.87869177291117,HOLD,10000.0
328.6000061035156,326.2709519929369,HOLD,10000.0
334.57000732421875,330.9318109988449,HOLD,10000.0
335.8500061035156,331.5319290931108,HOLD,10000.0
335.04998779296875,331.2093673492092,HOLD,10000.0
340.5400085449219,336.0531472278643,HOLD,10000.0
337.989990234375,333.6455787454281,HOLD,10000.0
338.1499938964844,333.7107617721169,HOLD,10000.0
341.2699890136719,336.3502471341519,HOLD,10000.0
337.2200012207031,333.620430480885,HOLD,10000.0
331.8299865722656,328.91599103330026,HOLD,10000.0
332.4700012207031,329.29285682511215,HOLD,10000.0
337.20001220703125,333.396358228489,HOLD,10000.0
342.6600036621094,338.3510877295982,HOLD,10000.0
345.239990234375,340.51299202915067,HOLD,10000.0
345.7300109863281,340.67247334831274,HOLD,10000.0
359.489990234375,354.2093210048875,HOLD,10000.0
355.0799865722656,349.4375965127543,HOLD,10000.0
346.8699951171875,342.9286019969003,HOLD,10000.0
343.7699890136719,341.3192189359172,HOLD,10000.0
345.1099853515625,340.8708534584753,HOLD,10000.0
350.9800109863281,346.5294808262562,HOLD,10000.0
337.7699890136719,335.83147049215825,HOLD,10000.0
330.7200012207031,329.7208030078682,HOLD,10000.0
338.3699951171875,334.7077427935421,HOLD,10000.0
335.9200134277344,332.80471992762983,HOLD,10000.0
336.3399963378906,333.7021952655016,HOLD,10000.0
327.5,325.283128570508,HOLD,10000.0
326.6600036621094,322.9517298482586,HOLD,10000.0
327.7799987792969,324.534537552418,HOLD,10000.0
330.1099853515625,326.62883402436546,HOLD,10000.0
326.04998779296875,323.96253635733035,HOLD,10000.0
322.2300109863281,319.533728736546,HOLD,10000.0
322.92999267578125,318.2248118553423,HOLD,10000.0
321.010009765625,317.08415384912064,HOLD,10000.0
324.0400085449219,319.4347861927872,HOLD,10000.0
321.8599853515625,318.05141972780734,HOLD,10000.0
320.3999938964844,316.3988783124424,HOLD,10000.0
316.8800048828125,313.7302600223467,HOLD,10000.0
316.4800109863281,313.25533651959665,HOLD,10000.0
321.8800048828125,317.73712195913697,HOLD,10000.0
322.4599914550781,318.78299071833044,HOLD,10000.0
327.0,323.42921692332857,HOLD,10000.0
319.9700012207031,317.6973000841076,HOLD,10000.0
322.9800109863281,319.73288869593364,HOLD,10000.0
323.70001220703125,322.10130699603565,HOLD,10000.0
328.4100036621094,328.47417683541664,HOLD,10000.0
328.7900085449219,328.41826768791304,HOLD,10000.0
327.760009765625,327.9444711839699,HOLD,10000.0
328.6600036621094,326.76636086671743,HOLD,10000.0
333.54998779296875,331.73196913229845,HOLD,10000.0
332.8800048828125,331.58224042235963,HOLD,10000.0
329.9100036621094,328.75181671366306,HOLD,10000.0
334.2699890136719,331.61401494759343,HOLD,10000.0
337.94000244140625,334.63245512089634,HOLD,10000.0
331.7699890136719,329.4959248062358,HOLD,10000.0
336.05999755859375,332.68436243028987,HOLD,10000.0
338.70001220703125,335.15534956619865,HOLD,10000.0
330.2200012207031,328.5641980676183,HOLD,10000.0
329.05999755859375,326.3832830661066,HOLD,10000.0
328.6499938964844,326.17290420466384,HOLD,10000.0
320.7699890136719,320.0453587824044,HOLD,10000.0
319.5299987792969,318.3738813213993,HOLD,10000.0
317.010009765625,315.65597961364404,HOLD,10000.0
317.5400085449219,316.45197723724795,HOLD,10000.0
312.1400146484375,312.15389438329345,HOLD,10000.0
312.7900085449219,309.5647146915696,HOLD,10000.0
313.6400146484375,310.03758196449826,HOLD,10000.0
315.75,311.2760987042317,HOLD,10000.0
321.79998779296875,316.25335946211914,HOLD,10000.0
313.3900146484375,310.4097326561654,HOLD,10000.0
318.9599914550781,314.2064203307669,HOLD,10000.0
319.3599853515625,316.18486429395955,HOLD,10000.0
327.260009765625,323.5875597321362,HOLD,10000.0
329.82000732421875,326.3916407686241,HOLD,10000.0
328.3900146484375,325.56801334990354,HOLD,10000.0
332.4200134277344,329.1704261380394,HOLD,10000.0
331.1600036621094,328.7183165725351,HOLD,10000.0
327.7300109863281,325.8619526522642,HOLD,10000.0
332.6400146484375,330.5437548106023,HOLD,10000.0
332.05999755859375,329.85265056302546,HOLD,10000.0
330.1099853515625,328.4061196240756,HOLD,10000.0
331.32000732421875,328.933902654367,HOLD,10000.0
326.6700134277344,325.1373583499691,HOLD,10000.0
329.32000732421875,327.45849478089167,HOLD,10000.0
330.5299987792969,328.5311609782999,HOLD,10000.0
340.6700134277344,338.39018291283213,HOLD,10000.0
327.8900146484375,327.15794381248446,HOLD,10000.0
329.80999755859375,327.1920922720906,HOLD,10000.0
337.30999755859375,334.23763132632735,HOLD,10000.0
338.1099853515625,335.45783122887246,HOLD,10000.0
346.07000732421875,342.7500808465608,HOLD,10000.0
348.32000732421875,344.5403937961365,HOLD,10000.0
352.79998779296875,347.9650999818406,HOLD,10000.0
356.5299987792969,351.4468156948611,HOLD,10000.0
360.5299987792969,354.998228319557,HOLD,10000.0
363.20001220703125,358.06465347194796,HOLD,10000.0
360.69000244140625,355.6510917723518,HOLD,10000.0
369.6700134277344,362.86587269019697,HOLD,10000.0
366.67999267578125,361.39704224093646,HOLD,10000.0
370.2699890136719,365.0507911713553,HOLD,10000.0
369.6700134277344,364.27767931786536,HOLD,10000.0
376.1700134277344,369.7098584122117,HOLD,10000.0
369.8500061035156,365.40256146167746,HOLD,10000.0
377.44000244140625,371.3426971088968,HOLD,10000.0
373.07000732421875,368.1701847086204,HOLD,10000.0
377.8500061035156,372.19805537155787,HOLD,10000.0
377.42999267578125,371.8360019144695,HOLD,10000.0
378.6099853515625,375.59778141121524,HOLD,10000.0
382.70001220703125,376.65679940844973,HOLD,10000.0
378.8500061035156,373.71259153369095,HOLD,10000.0
378.9100036621094,373.5178778084304,HOLD,10000.0
374.510009765625,370.26480363256803,HOLD,10000.0
369.1400146484375,365.33069016676745,HOLD,10000.0
372.5199890136719,368.002054392355,HOLD,10000.0
368.79998779296875,364.6622856988874,HOLD,10000.0
370.95001220703125,366.7575054605347,HOLD,10000.0
374.2300109863281,368.54728556550646,HOLD,10000.0
371.29998779296875,366.46047208442303,HOLD,10000.0
374.3800048828125,368.74459223266416,HOLD,10000.0
374.3699951171875,368.8876209849436,HOLD,10000.0
365.92999267578125,362.15660235805666,HOLD,10000.0
370.7300109863281,366.94699151633716,HOLD,10000.0
372.6499938964844,367.39191932810246,HOLD,10000.0
373.260009765625,368.24677267627504,HOLD,10000.0
370.6199951171875,366.04735782291584,HOLD,10000.0
373.5400085449219,367.62160012369276,HOLD,10000.0
374.5799865722656,368.55944134209915,HOLD,10000.0
374.6600036621094,368.8074189350382,HOLD,10000.0
374.07000732421875,368.46196495226303,HOLD,10000.0
375.2799987792969,369.38422276389554,HOLD,10000.0
376.0400085449219,370.0922894255484,HOLD,10000.0
370.8699951171875,366.18292273973105,HOLD,10000.0
370.6000061035156,365.66349065745186,HOLD,10000.0
367.94000244140625,363.43105349819194,HOLD,10000.0
367.75,362.71310128838047,HOLD,10000.0
374.69000244140625,368.5530326098046,HOLD,10000.0
375.7900085449219,369.67541237172486,HOLD,10000.0
382.7699890136719,375.762344962597,HOLD,10000.0
384.6300048828125,377.3572944709439,HOLD,10000.0
388.4700012207031,380.68156937867656,HOLD,10000.0
390.2699890136719,382.92311596992033,HOLD,10000.0
389.4700012207031,382.3246119353741,HOLD,10000.0
393.8699951171875,386.30598026481596,HOLD,10000.0
398.6700134277344,390.77081015326536,HOLD,10000.0
396.510009765625,389.72621973878995,HOLD,10000.0
398.8999938964844,391.5386282277272,HOLD,10000.0
402.55999755859375,394.6320523442025,HOLD,10000.0
404.8699951171875,397.1519162985198,HOLD,10000.0
403.92999267578125,396.8084880824774,HOLD,10000.0
409.7200012207031,401.7609963766283,HOLD,10000.0
408.5899963378906,401.3466505562877,HOLD,10000.0
397.5799865722656,392.65841674996756,HOLD,10000.0
403.7799987792969,396.76410295346284,HOLD,10000.0
411.2200012207031,403.00363912005,HOLD,10000.0
405.6499938964844,399.72950485024995,HOLD,10000.0
405.489990234375,399.1294925074177,HOLD,10000.0
414.04998779296875,405.3482511734907,HOLD,10000.0
414.1099853515625,406.1766972387077,HOLD,10000.0
420.54998779296875,412.19517335289834,HOLD,10000.0
415.260009765625,408.20916821993086,HOLD,10000.0
406.32000732421875,400.9313598207694,HOLD,10000.0
409.489990234375,402.49703350604034,HOLD,10000.0
406.55999755859375,400.2599061105044,HOLD,10000.0
404.05999755859375,398.9654503548474,HOLD,10000.0
402.7900085449219,397.0579015133695,HOLD,10000.0
402.17999267578125,395.15862448983603,HOLD,10000.0
411.6499938964844,403.29614630060246,HOLD,10000.0
410.3399963378906,402.5970639229878,HOLD,10000.0
407.5400085449219,400.5751576557433,HOLD,10000.0
407.4800109863281,399.97144743632066,HOLD,10000.0
407.7200012207031,400.1544568163543,HOLD,10000.0
413.6400146484375,406.7218382677427,HOLD,10000.0
415.5,407.8056691159111,HOLD,10000.0
414.9200134277344,407.4257854315687,HOLD,10000.0
402.6499938964844,397.40325299505673,HOLD,10000.0
402.0899963378906,396.053142382189,HOLD,10000.0
409.1400146484375,401.4504453339434,HOLD,10000.0
406.2200012207031,399.8226642628663,HOLD,10000.0
404.5199890136719,398.2421320895288,HOLD,10000.0
415.2799987792969,406.43904323160893,HOLD,10000.0
415.1000061035156,406.7056746652938,HOLD,10000.0
425.2200012207031,417.4853898453101,HOLD,10000.0
416.4200134277344,409.50061803889906,HOLD,10000.0
417.32000732421875,410.08440746554515,HOLD,10000.0
421.4100036621094,413.36464516501206,HOLD,10000.0
425.2300109863281,417.24172647367834,HOLD,10000.0
429.3699951171875,421.9167925299039,HOLD,10000.0
428.739990234375,421.4305882272448,HOLD,10000.0
422.8599853515625,416.3459056149445,HOLD,10000.0
421.6499938964844,415.0452254292013,HOLD,10000.0
421.42999267578125,414.81157595186966,HOLD,10000.0
420.7200012207031,414.7429758403042,HOLD,10000.0
424.57000732421875,417.339489252441,HOLD,10000.0
421.44000244140625,414.81090989807,HOLD,10000.0
420.45001220703125,413.694992950959,HOLD,10000.0
417.8800048828125,411.8339679420915,HOLD,10000.0
425.5199890136719,417.42035758458087,HOLD,10000.0
424.5899963378906,417.32957514062394,HOLD,10000.0
426.2799987792969,419.0024454232097,HOLD,10000.0
423.260009765625,416.72279333597965,HOLD,10000.0
427.92999267578125,420.3042477689322,HOLD,10000.0
421.8999938964844,415.84697449513243,HOLD,10000.0
413.6400146484375,408.90307548705556,HOLD,10000.0
414.5799865722656,408.9916037366538,HOLD,10000.0
411.8399963378906,406.15273404326905,HOLD,10000.0
404.2699890136719,400.506438985929,HOLD,10000.0
399.1199951171875,396.30715896634604,HOLD,10000.0
400.9599914550781,396.29550489971064,HOLD,10000.0
407.57000732421875,400.56337129909616,HOLD,10000.0
409.05999755859375,402.2649738839403,HOLD,10000.0
399.0400085449219,393.2567332897282,HOLD,10000.0
406.32000732421875,397.13917751447116,HOLD,10000.0
402.25,394.37192338755085,HOLD,10000.0
389.3299865722656,384.9921155002782,HOLD,10000.0
394.94000244140625,388.74962376830626,HOLD,10000.0
397.8399963378906,390.0742168548163,HOLD,10000.0
406.6600036621094,397.76703617410806,HOLD,10000.0
413.5400085449219,404.30151065485336,HOLD,10000.0
409.3399963378906,403.01385131679785,HOLD,10000.0
410.5400085449219,403.76859795309565,HOLD,10000.0
412.32000732421875,405.4428237326374,HOLD,10000.0
414.739990234375,408.0790914989906,HOLD,10000.0
413.7200012207031,407.78308906102313,HOLD,10000.0
416.55999755859375,409.7476269147129,HOLD,10000.0
423.0799865722656,415.43641651690007,HOLD,10000.0
420.989990234375,413.84995300730236,HOLD,10000.0
420.2099914550781,413.5301478172088,HOLD,10000.0
425.3399963378906,417.93963551124205,HOLD,10000.0
429.0400085449219,421.4307162434711,HOLD,10000.0
430.5199890136719,423.19693850970026,HOLD,10000.0
427.0,420.54225439752526,HOLD,10000.0
430.1600036621094,422.78666560347136,HOLD,10000.0
430.32000732421875,423.06647596688833,HOLD,10000.0
429.1700134277344,422.5637615090109,HOLD,10000.0
414.6700134277344,412.2089303670476,HOLD,10000.0
415.1300048828125,410.77671087640283,HOLD,10000.0
413.5199890136719,408.2227695438752,HOLD,10000.0
416.07000732421875,410.4690396467553,HOLD,10000.0
424.010009765625,416.990942499712,HOLD,10000.0
424.5199890136719,417.24341703046383,HOLD,10000.0
423.8500061035156,416.5320329671494,HOLD,10000.0
427.8699951171875,419.874178496965,HOLD,10000.0
432.67999267578125,424.41852849746533,HOLD,10000.0
441.05999755859375,432.63647015278355,HOLD,10000.0
441.5799865722656,433.40471082412967,HOLD,10000.0
442.57000732421875,434.7308232691738,HOLD,10000.0
448.3699951171875,439.7888634433939,HOLD,10000.0
446.3399963378906,438.65983927954346,HOLD,10000.0
445.70001220703125,438.7222179341402,HOLD,10000.0
449.7799987792969,443.90853734028076,HOLD,10000.0
447.6700134277344,440.3171879387386,HOLD,10000.0
450.95001220703125,443.380433783896,HOLD,10000.0
452.1600036621094,444.3933593583446,HOLD,10000.0
452.8500061035156,445.2023107638529,HOLD,10000.0
446.95001220703125,442.6293570347435,HOLD,10000.0
456.7300109863281,448.30214197383634,HOLD,10000.0
459.2799987792969,451.0756940810288,HOLD,10000.0
460.7699890136719,453.2004506661656,HOLD,10000.0
467.55999755859375,459.17379670231037,HOLD,10000.0
466.239990234375,458.2168171532686,HOLD,10000.0
459.5400085449219,453.287421526147,HOLD,10000.0
466.25,458.8140083268247,HOLD,10000.0
454.70001220703125,449.7907923449204,HOLD,10000.0
453.54998779296875,448.8565167347774,HOLD,10000.0
453.9599914550781,448.38359017706165,HOLD,10000.0
449.5199890136719,444.64621214914894,HOLD,10000.0
443.5199890136719,439.7995759891992,HOLD,10000.0
440.3699951171875,435.83581803944867,HOLD,10000.0
437.1099853515625,432.9953934179291,HOLD,10000.0
442.94000244140625,437.0116774774357,HOLD,10000.0
444.8500061035156,438.64857515954697,HOLD,10000.0
428.8999938964844,426.8088383888661,HOLD,10000.0
418.3999938964844,418.8734319519489,HOLD,10000.0
425.2699890136719,419.408860669986,HOLD,10000.0
426.7300109863281,421.2949037341476,HOLD,10000.0
422.9200134277344,419.58612142457673,HOLD,10000.0
418.3500061035156,414.04165246645124,HOLD,10000.0
417.1099853515625,411.76956769981155,HOLD,10000.0
408.489990234375,405.32148517086716,HOLD,10000.0
395.1499938964844,394.21649241197144,HOLD,10000.0
399.6099853515625,397.7994819075566,HOLD,10000.0
398.42999267578125,397.9054450233266,HOLD,10000.0
402.69000244140625,401.17212291725775,HOLD,10000.0
406.0199890136719,403.9064873975757,HOLD,10000.0
406.80999755859375,404.54567733310614,HOLD,10000.0
414.010009765625,410.3617767695108,HOLD,10000.0
416.8599853515625,413.3594909940224,HOLD,10000.0
421.0299987792969,417.65432649384366,HOLD,10000.0
418.4700012207031,416.1000833215627,HOLD,10000.0
421.5299987792969,418.10876934971594,HOLD,10000.0
424.79998779296875,421.24737826286713,HOLD,10000.0
424.1400146484375,420.6258573162558,HOLD,10000.0
415.54998779296875,412.87833253184425,HOLD,10000.0
416.7900085449219,414.2641156295365,HOLD,10000.0
413.489990234375,411.1683130258948,HOLD,10000.0
413.8399963378906,411.26272743254066,HOLD,10000.0
410.6000061035156,407.5196198081245,HOLD,10000.0
413.1199951171875,407.93824350349115,HOLD,10000.0
417.1400146484375,412.7328504034157,HOLD,10000.0
409.44000244140625,405.83707709993735,HOLD,10000.0
408.8999938964844,404.2009407406165,HOLD,10000.0
408.3900146484375,402.93665050391064,HOLD,10000.0
401.70001220703125,397.5206126029775,HOLD,10000.0
405.7200012207031,400.5924443470333,HOLD,10000.0
414.20001220703125,406.9468886874927,HOLD,10000.0
423.0400085449219,416.6181788153575,HOLD,10000.0
427.0,420.1975665445347,HOLD,10000.0
430.5899963378906,423.09550032495525,HOLD,10000.0
431.3399963378906,423.94801665383056,HOLD,10000.0
435.1499938964844,427.53753226614816,HOLD,10000.0
430.80999755859375,424.42088794031383,HOLD,10000.0
438.69000244140625,431.23682374274904,HOLD,10000.0
435.2699890136719,429.80421907309176,HOLD,10000.0
433.510009765625,427.1507082309872,HOLD,10000.0
429.1700134277344,423.5815846369368,HOLD,10000.0
432.1099853515625,425.4161768597428,HOLD,10000.0
431.30999755859375,425.12791751245476,HOLD,10000.0
428.0199890136719,422.3978435373477,HOLD,10000.0
430.29998779296875,423.79431820124944,HOLD,10000.0
420.69000244140625,415.881124449813,HOLD,10000.0
417.1300048828125,412.7059085363858,HOLD,10000.0
416.5400085449219,411.95581732567916,HOLD,10000.0
416.05999755859375,411.0027252576094,HOLD,10000.0
409.5400085449219,407.1217476297885,HOLD,10000.0
414.7099914550781,409.2336080533132,HOLD,10000.0
417.4599914550781,412.54619177924644,HOLD,10000.0
415.8399963378906,411.1499425157658,HOLD,10000.0
416.32000732421875,411.3294166533533,HOLD,10000.0
419.1400146484375,413.11313360880126,HOLD,10000.0
418.739990234375,413.6986221049441,HOLD,10000.0
416.1199951171875,411.93509039462697,HOLD,10000.0
416.7200012207031,411.8423092848236,HOLD,10000.0
418.1600036621094,413.38766222463636,HOLD,10000.0
418.7799987792969,413.64877442640557,HOLD,10000.0
427.510009765625,421.9425746317515,HOLD,10000.0
424.6000061035156,419.1522229661424,HOLD,10000.0
424.7300109863281,419.1029336810394,HOLD,10000.0
428.1499938964844,421.9229483245253,HOLD,10000.0
426.5899963378906,420.8692440656408,HOLD,10000.0
431.95001220703125,425.85279646617494,HOLD,10000.0
432.5299987792969,427.33084509353034,HOLD,10000.0
406.3500061035156,407.06311434059535,HOLD,10000.0
410.3699951171875,407.59809523032374,HOLD,10000.0
408.4599914550781,405.33702473123213,HOLD,10000.0
411.4599914550781,408.6637678092124,HOLD,10000.0
420.17999267578125,415.55095563782527,HOLD,10000.0
425.42999267578125,419.010696298346,HOLD,10000.0
422.5400085449219,416.8231271999383,HOLD,10000.0
418.010009765625,412.9822447926849,HOLD,10000.0
423.0299987792969,416.85644666364794,HOLD,10000.0
425.20001220703125,419.8536225132134,HOLD,10000.0
426.8900146484375,421.6132455905427,HOLD,10000.0
415.0,411.9289311710768,HOLD,10000.0
415.760009765625,411.57630704018914,HOLD,10000.0
417.7900085449219,413.0178689221918,HOLD,10000.0
415.489990234375,411.61564153229267,HOLD,10000.0
412.8699951171875,410.1445742013512,HOLD,10000.0
417.0,412.24382048928044,HOLD,10000.0
418.7900085449219,413.541091762786,HOLD,10000.0
427.989990234375,421.22694836509663,HOLD,10000.0
422.989990234375,417.48955303359224,HOLD,10000.0
423.4599914550781,417.8758013161579,HOLD,10000.0
430.9800109863281,424.0574671929769,HOLD,10000.0
431.20001220703125,424.96537985299955,HOLD,10000.0
437.4200134277344,431.27305889581726,HOLD,10000.0
442.6199951171875,435.6762650335145,HOLD,10000.0
443.57000732421875,436.680492753002,HOLD,10000.0
446.0199890136719,439.19327105275534,HOLD,10000.0
443.3299865722656,437.27193458012215,HOLD,10000.0
448.989990234375,442.32356822828683,HOLD,10000.0
449.55999755859375,443.2334818973844,HOLD,10000.0
447.2699890136719,441.5121465770171,HOLD,10000.0
451.5899963378906,445.2128204531794,HOLD,10000.0
454.4599914550781,447.5021539585298,HOLD,10000.0
437.3900146484375,434.1140163592379,HOLD,10000.0
437.0299987792969,432.83326395187623,HOLD,10000.0
436.6000061035156,432.85970455064233,HOLD,10000.0
435.25,430.8015861401428,HOLD,10000.0
439.3299865722656,434.0711577617208,HOLD,10000.0
438.1099853515625,432.9047502430755,HOLD,10000.0
430.5299987792969,427.0838393919131,HOLD,10000.0
424.8299865722656,421.61340147683154,HOLD,10000.0
