ticker,target_atr,target_pct_of_price,target_reached,stopped,drifted_to_close,bracket_exp,close_only_exp
HDFCBANK.NS,0.3,0.5231376592496657,55.711550733886405,16.687938736439058,27.600510529674537,-0.3597302926027358,-0.29228993096902606
HDFCBANK.NS,0.5,0.8718960987494427,37.077217613273774,16.687938736439058,46.234843650287175,-0.32582741450140873,-0.29228993096902606
HDFCBANK.NS,0.8,1.3950337579991086,17.453733248245054,16.687938736439058,65.85832801531589,-0.31886654514702223,-0.29228993096902606
HDFCBANK.NS,1.0,1.7437921974988855,10.178685386088066,16.687938736439058,73.13337587747287,-0.3129260784915616,-0.29228993096902606
HDFCBANK.NS,1.5,2.615688296248328,2.6164645820038293,16.687938736439058,80.69559668155712,-0.3042257387678695,-0.29228993096902606
HDFCBANK.NS,2.0,3.487584394997771,0.7657945118059988,16.687938736439058,82.54626675175494,-0.3016647186739227,-0.29228993096902606
RELIANCE.NS,0.3,0.6186752337911048,54.116145500957245,18.76196553924697,27.121888959795786,-0.4159115318905889,-0.35027517249053364
RELIANCE.NS,0.5,1.0311253896518413,36.24760689215061,18.76196553924697,44.99042756860243,-0.38312334970368084,-0.35027517249053364
RELIANCE.NS,0.8,1.649800623442946,17.070835992342055,18.76196553924697,64.16719846841097,-0.3664790398555011,-0.35027517249053364
RELIANCE.NS,1.0,2.0622507793036826,10.625398851308232,18.76196553924697,70.6126356094448,-0.35446919192160203,-0.35027517249053364
RELIANCE.NS,1.5,3.0933761689555235,3.318442884492661,18.76196553924697,77.91959157626037,-0.3346203313007941,-0.35027517249053364
RELIANCE.NS,2.0,4.124501558607365,1.1167836630504147,18.76196553924697,80.12125079770261,-0.331909473341471,-0.35027517249053364
TCS.NS,0.3,0.6086806533540261,53.03126994256541,19.6553924696873,27.313337587747288,-0.41987969233745553,-0.3497937701938703
TCS.NS,0.5,1.0144677555900437,34.81174218251436,19.6553924696873,45.53286534779834,-0.38435082357583733,-0.3497937701938703
TCS.NS,0.8,1.6231484089440698,17.230376515634973,19.6553924696873,63.11423101467773,-0.3606121775408366,-0.3497937701938703
TCS.NS,1.0,2.0289355111800873,10.59349074664965,19.6553924696873,69.75111678366305,-0.3562931579722317,-0.3497937701938703
TCS.NS,1.5,3.0434032667701305,3.1589023611997447,19.6553924696873,77.18570516911295,-0.34762375690163166,-0.3497937701938703
TCS.NS,2.0,4.057871022360175,1.148691767708998,19.6553924696873,79.1959157626037,-0.3445641270117316,-0.3497937701938703
INFY.NS,0.3,0.6410307629122274,52.01021059349075,17.166560306317805,30.823229100191448,-0.40366304497525757,-0.33156810940006043
INFY.NS,0.5,1.0683846048537124,35.09891512444161,17.166560306317805,47.73452456924059,-0.3547838112816406,-0.33156810940006043
INFY.NS,0.8,1.70941536776594,16.94320357370772,17.166560306317805,65.89023611997447,-0.3427966188588733,-0.33156810940006043
INFY.NS,1.0,2.136769209707425,9.955328653477984,17.166560306317805,72.8781110402042,-0.3421100368772087,-0.33156810940006043
INFY.NS,1.5,3.205153814561137,2.871729419272495,17.166560306317805,79.9617102744097,-0.33687345067872426,-0.33156810940006043
INFY.NS,2.0,4.27353841941485,0.7019783024888321,17.166560306317805,82.13146139119335,-0.34244505958395527,-0.33156810940006043
ITC.NS,0.3,0.5936963100231114,51.27632418634334,19.527760051052965,29.195915762603704,-0.4599214583132731,-0.3973752842560675
ITC.NS,0.5,0.9894938500385191,33.343969368219526,19.527760051052965,47.1282705807275,-0.4301031204560101,-0.3973752842560675
ITC.NS,0.8,1.583190160061631,16.687938736439058,19.527760051052965,63.78430121250798,-0.4140083892459433,-0.3973752842560675
ITC.NS,1.0,1.9789877000770382,10.146777281429484,19.527760051052965,70.32546266751754,-0.4056183115900443,-0.3973752842560675
ITC.NS,1.5,2.9684815501155573,3.382259093809828,19.527760051052965,77.08998085513721,-0.40020491259292396,-0.3973752842560675
ITC.NS,2.0,3.9579754001540763,1.4039566049776642,19.527760051052965,79.06828334396937,-0.39631762757644173,-0.3973752842560675
SBIN.NS,0.3,0.7361851984797655,51.148691767708996,20.26164645820038,28.58966177409062,-0.4985922800952478,-0.4059676599111296
SBIN.NS,0.5,1.2269753307996094,32.54626675175494,20.26164645820038,47.19208679004468,-0.47276187924121693,-0.4059676599111296
SBIN.NS,0.8,1.9631605292793748,16.592214422463307,20.26164645820038,63.14613911933631,-0.4397104486829431,-0.4059676599111296
SBIN.NS,1.0,2.453950661599219,10.21059349074665,20.26164645820038,69.52776005105297,-0.4318946106102747,-0.4059676599111296
SBIN.NS,1.5,3.6809259923988273,3.286534779834078,20.26164645820038,76.45181876196554,-0.4150880637284938,-0.4059676599111296
SBIN.NS,2.0,4.907901323198438,1.4358647096362476,20.26164645820038,78.30248883216338,-0.40148844210384255,-0.4059676599111296
