variant,sessions,total,per_session,win_pct,worst_day,max_dd,sharpe,aug,sep
base (current),158,26689.749999999978,168.92246835443024,67.08860759493672,-48097.25,-109225.50000000001,1.0994586417557892,38860.5,-19860.750000000007
stop at 2.0x,158,58532.749999999985,370.4604430379746,62.65822784810127,-43786.25,-94686.25000000001,1.4503578300146465,25108.25,1788.7499999999982
stop at 2.5x,158,66719.37499999997,422.27452531645554,67.08860759493672,-48097.25,-102509.00000000001,1.7637572851368368,39031.125,-14252.500000000005
stop at 3.0x,158,38633.25,244.51424050632912,66.45569620253164,-48097.25,-109852.75000000001,1.3225971007584414,36929.25,-17493.750000000007
strangle 1% OTM,158,30520.250000000015,193.16613924050642,72.78481012658227,-47613.5,-94558.5,1.2188469667919786,26935.75,-16316.0
strangle 2% OTM,158,5080.2499999999945,32.15348101265819,75.9493670886076,-25658.25,-53080.75000000001,0.5315037592620423,7894.0,-7687.0
iron condor 2% wings,158,-25190.5,-159.43354430379748,61.39240506329114,-25282.5,-84573.25,0.34397367212548324,24726.5,-18173.750000000007
iron condor 3% wings,158,-12582.000000000007,-79.6329113924051,63.29113924050633,-35291.25,-86340.75,0.6417193732215667,31147.750000000004,-24424.25000000001
skip after a big move,116,-18738.5,-161.53879310344828,62.06896551724138,-32955.0,-79061.25,-0.09067820087903418,40829.25,-35598.25
stop 2x + calm filter,116,4734.749999999993,40.81681034482752,58.620689655172406,-24332.5,-61428.75,0.22076757036174754,31382.0,-3963.0
condor 2% + stop 2x,158,6652.499999999985,42.104430379746745,58.86075949367089,-18607.999999999996,-78679.25,0.7548631472029244,10974.250000000002,3475.749999999991
