underlying_net,underlying_gross,option_pct,ticker,date
-0.5133373409707264,-0.36333734097072634,-21.579140561885268,HDFCBANK.NS,2026-07-09
-0.43782644727987086,-0.28782644727987083,-18.599711331622792,HDFCBANK.NS,2026-07-10
-0.1132907747812549,0.03670922521874509,-4.984721927678237,HDFCBANK.NS,2026-07-13
-0.11909000942467704,0.030909990575322954,-4.67413586062233,HDFCBANK.NS,2026-07-14
-0.563273727925434,-0.41327372792543393,-23.510432407195804,HDFCBANK.NS,2026-07-15
0.47687919150155034,0.6268791915015504,24.638411089114108,HDFCBANK.NS,2026-07-16
0.5317748143471691,0.6817748143471691,25.933184023204305,HDFCBANK.NS,2026-07-17
-0.9054812339171102,-0.7554812339171102,-35.81577898591859,HDFCBANK.NS,2026-07-20
0.5864953704300458,0.7364953704300459,30.56838234788004,HDFCBANK.NS,2026-07-21
-0.07709116315122708,0.07290883684877292,-2.771168229715848,HDFCBANK.NS,2026-07-22
-0.3677846206298906,-0.21778462062989057,-15.438731359946278,HDFCBANK.NS,2026-07-23
-0.4777453322006796,-0.3277453322006796,-19.925216755079056,HDFCBANK.NS,2026-07-24
0.3340303308823568,0.4840303308823568,17.160417571758792,HDFCBANK.NS,2026-07-27
-0.5110837727659355,-0.3610837727659355,-21.252637198608802,HDFCBANK.NS,2026-07-28
0.09112361593686683,0.24112361593686682,4.262864267570032,HDFCBANK.NS,2026-07-29
-0.3573007580130293,-0.20730075801302927,-15.002276635212864,HDFCBANK.NS,2026-07-30
0.2958608763945215,0.44586087639452154,15.210371581827676,HDFCBANK.NS,2026-07-31
-0.35572277993685664,-0.20572277993685661,-15.279417932872875,HDFCBANK.NS,2026-08-03
0.7316425061691446,0.8816425061691446,38.67439867435492,HDFCBANK.NS,2026-08-04
-0.5990528938098759,-0.4490528938098759,-24.875100411499474,HDFCBANK.NS,2026-08-05
-0.4591234266933363,-0.30912342669333626,-19.177126126576226,HDFCBANK.NS,2026-08-06
0.1160498225737773,0.2660498225737773,6.297841739246057,HDFCBANK.NS,2026-08-07
-0.38989033584645993,-0.2398903358464599,-16.354040712367535,HDFCBANK.NS,2026-08-10
-0.3630860243257926,-0.2130860243257926,-15.243311484135546,HDFCBANK.NS,2026-08-11
-0.5367161601758706,-0.3867161601758706,-22.262891578816102,HDFCBANK.NS,2026-08-12
-0.3458611527561827,-0.19586115275618265,-14.87495134161656,HDFCBANK.NS,2026-08-13
-0.14312362719177116,0.006876372808228837,-6.291046854893267,HDFCBANK.NS,2026-08-14
-0.026387248421738535,0.12361275157826146,-1.116414240027197,HDFCBANK.NS,2026-08-17
0.2700795873903984,0.4200795873903984,13.904731748955058,HDFCBANK.NS,2026-08-18
-0.28908205841446366,-0.13908205841446364,-12.125099616707635,HDFCBANK.NS,2026-08-19
-0.30159952322592043,-0.1515995232259204,-12.657864932397311,HDFCBANK.NS,2026-08-20
-0.3828582587327155,-0.23285825873271548,-16.386092083913752,HDFCBANK.NS,2026-08-21
0.19176349965823195,0.34176349965823194,9.995541496375026,HDFCBANK.NS,2026-08-24
-0.3903020940611067,-0.2403020940611067,-16.688069775420512,HDFCBANK.NS,2026-08-25
-0.2877410468319518,-0.13774104683195176,-12.067894866466345,HDFCBANK.NS,2026-08-26
0.7213837574067629,0.8713837574067629,38.09203909022079,HDFCBANK.NS,2026-08-27
0.5701234989994809,0.7201234989994809,27.92897345821139,HDFCBANK.NS,2026-08-28
1.901526709511431,2.051526709511431,113.98793777322767,HDFCBANK.NS,2026-08-31
-0.5411250313596293,-0.3911250313596293,-22.435755034868578,HDFCBANK.NS,2026-09-01
-0.43036142654437326,-0.28036142654437324,-18.301300887827455,HDFCBANK.NS,2026-09-02
-0.5614528358551861,-0.4114528358551861,-23.440554951479243,HDFCBANK.NS,2026-09-03
-0.3262176701236129,-0.1762176701236129,-13.69931801740517,HDFCBANK.NS,2026-09-04
-0.39311269582022457,-0.24311269582022454,-16.48690247200413,HDFCBANK.NS,2026-09-07
0.29608430293212595,0.446084302932126,15.221727114845795,HDFCBANK.NS,2026-09-08
1.199608673950109,1.349608673950109,66.73384239239361,HDFCBANK.NS,2026-09-09
-0.3717527801970265,-0.2217527801970265,-15.603533956252203,HDFCBANK.NS,2026-09-10
-0.4921674643686812,-0.3421674643686812,-20.751015305304556,HDFCBANK.NS,2026-09-11
-0.6967144923226641,-0.5467144923226641,-28.36710816314255,HDFCBANK.NS,2026-09-15
0.4144975571901023,0.5644975571901023,19.93760057324867,HDFCBANK.NS,2026-09-16
-0.4356727790848779,-0.28567277908487787,-18.51369090007594,HDFCBANK.NS,2026-09-17
1.5189847009735638,1.6689847009735637,82.54176661729637,HDFCBANK.NS,2026-09-18
0.032886343058652484,0.18288634305865248,1.5756502681488316,HDFCBANK.NS,2026-09-21
-0.5815544167262986,-0.4315544167262986,-24.209673968661114,HDFCBANK.NS,2026-09-22
-0.440779597385904,-0.290779597385904,-18.71757006407927,HDFCBANK.NS,2026-09-23
-0.4005852310339618,-0.2505852310339618,-16.794452862506127,HDFCBANK.NS,2026-09-24
-0.4852236124094965,-0.3352236124094965,-20.478168034855738,HDFCBANK.NS,2026-09-25
0.6022446110464154,0.7522446110464154,31.433979217171636,HDFCBANK.NS,2026-09-28
-0.6475291314727404,-0.49752913147274036,-26.527480456304854,HDFCBANK.NS,2026-09-29
-0.5969490866692572,-0.44694908666925715,-25.458206391347627,RELIANCE.NS,2026-07-09
0.44143951359401645,0.5914395135940165,22.45322203019007,RELIANCE.NS,2026-07-10
-0.37603725861742865,-0.22603725861742863,-16.473673204645543,RELIANCE.NS,2026-07-13
-0.46957211280816413,-0.3195721128081641,-20.357896915967356,RELIANCE.NS,2026-07-14
-0.20402942276149236,-0.05402942276149236,-8.534303913688678,RELIANCE.NS,2026-07-15
-0.43764287339499985,-0.28764287339499983,-19.045213180365984,RELIANCE.NS,2026-07-16
1.1766258568119583,1.3266258568119582,64.75350487335616,RELIANCE.NS,2026-07-17
-0.4121390677782776,-0.26213906777827756,-17.700753450820162,RELIANCE.NS,2026-07-21
0.9514440645698564,1.1014440645698564,54.238919754055615,RELIANCE.NS,2026-07-22
-0.35643168027599803,-0.206431680275998,-15.644575890173796,RELIANCE.NS,2026-07-23
0.5975605630296034,0.7475605630296034,30.881466523968214,RELIANCE.NS,2026-07-24
0.06827632690557542,0.2182763269055754,4.4476453696808305,RELIANCE.NS,2026-07-27
-0.4476228604950948,-0.2976228604950948,-19.45698752384991,RELIANCE.NS,2026-07-28
-0.302822273278308,-0.152822273278308,-13.351064341105968,RELIANCE.NS,2026-07-29
0.6452033702713246,0.7952033702713246,33.51473530013433,RELIANCE.NS,2026-07-30
-0.3351966458594312,-0.18519664585943119,-14.387497131143324,RELIANCE.NS,2026-07-31
-0.2987036604336023,-0.14870366043360228,-12.785032280660602,RELIANCE.NS,2026-08-03
1.006200274574082,1.1562002745740818,57.70359046670297,RELIANCE.NS,2026-08-04
0.8401027494335079,0.990102749433508,47.32633853342987,RELIANCE.NS,2026-08-05
1.7338908112264408,1.8838908112264408,100.91340270567724,RELIANCE.NS,2026-08-06
-0.5779673248773541,-0.4279673248773541,-24.54187154517349,RELIANCE.NS,2026-08-07
-0.429330535650546,-0.279330535650546,-18.42895112393885,RELIANCE.NS,2026-08-10
-0.6061209048259296,-0.4561209048259296,-25.817046077252947,RELIANCE.NS,2026-08-11
-0.5032916415870169,-0.35329164158701687,-21.511631481293858,RELIANCE.NS,2026-08-12
-0.6461453416631789,-0.4961453416631789,-27.236771957256323,RELIANCE.NS,2026-08-13
-0.46747433973985386,-0.31747433973985384,-20.02892759820606,RELIANCE.NS,2026-08-14
-0.3874732287391268,-0.2374732287391268,-16.648250062689595,RELIANCE.NS,2026-08-17
-0.7601217034417794,-0.6101217034417794,-31.67407161871858,RELIANCE.NS,2026-08-18
-0.42422116484159267,-0.27422116484159265,-18.212988282974727,RELIANCE.NS,2026-08-19
-0.4291605670411146,-0.2791605670411146,-18.421773149963617,RELIANCE.NS,2026-08-20
-0.34094171746480983,-0.1909417174648098,-14.637951140884898,RELIANCE.NS,2026-08-21
0.1468640091880248,0.2968640091880248,8.403467583346668,RELIANCE.NS,2026-08-24
-0.2729048644895814,-0.12290486448958138,-11.640089467891402,RELIANCE.NS,2026-08-25
-0.3175561467655129,-0.1675561467655129,-13.985264151656928,RELIANCE.NS,2026-08-26
1.317770455664741,1.4677704556647408,78.21649701743307,RELIANCE.NS,2026-08-27
-0.3872792698801307,-0.2372792698801307,-16.639937720260743,RELIANCE.NS,2026-08-28
-0.243878205109843,-0.09387820510984302,-10.784662899197928,RELIANCE.NS,2026-08-31
0.7907734972634918,0.9407734972634918,41.73499148702473,RELIANCE.NS,2026-09-01
0.7180232243027275,0.8680232243027275,37.5941800871326,RELIANCE.NS,2026-09-02
0.4756161957237882,0.6256161957237882,25.965686284017142,RELIANCE.NS,2026-09-03
-0.1424369782819289,0.007563021718071106,-6.2585465166531185,RELIANCE.NS,2026-09-04
0.4421239306917125,0.5921239306917125,24.101932959019766,RELIANCE.NS,2026-09-07
0.11188279181930119,0.2618827918193012,6.631058793525524,RELIANCE.NS,2026-09-08
-0.43399965122766215,-0.28399965122766213,-18.894559702917046,RELIANCE.NS,2026-09-09
0.006739811912220978,0.15673981191222097,1.4155815411557748,RELIANCE.NS,2026-09-10
-0.3442142058685148,-0.1942142058685148,-14.780392640111895,RELIANCE.NS,2026-09-11
-0.4403989452752276,-0.2903989452752276,-19.159062746583,RELIANCE.NS,2026-09-15
-0.5571186864154197,-0.4071186864154197,-23.88678083714527,RELIANCE.NS,2026-09-16
-0.10178982836983028,0.04821017163016972,-3.791890622837213,RELIANCE.NS,2026-09-17
-0.290731805388028,-0.140731805388028,-12.43231259091575,RELIANCE.NS,2026-09-18
-0.5305677900430071,-0.3805677900430071,-22.628010631691353,RELIANCE.NS,2026-09-21
0.21947595067771122,0.3694759506777112,12.14180287892994,RELIANCE.NS,2026-09-22
-0.3474065148034887,-0.1974065148034887,-14.919189462394467,RELIANCE.NS,2026-09-23
1.2092272514664217,1.3592272514664216,70.9183130279207,RELIANCE.NS,2026-09-24
-0.4973641193297961,-0.34736411932979605,-21.4893211798556,RELIANCE.NS,2026-09-25
1.0544197470741703,1.2044197470741702,60.789871433787354,RELIANCE.NS,2026-09-28
-0.4861062164572104,-0.3361062164572104,-20.80259413128166,RELIANCE.NS,2026-09-29
-0.02843423291999922,0.12156576708000078,-3.014248421981469,TCS.NS,2026-07-09
0.617791196784684,0.767791196784684,17.187203894579195,TCS.NS,2026-07-10
3.3219892556357213,3.4719892556357212,121.09019095847357,TCS.NS,2026-07-13
0.0559779420778618,0.2059779420778618,-0.5494823625265877,TCS.NS,2026-07-15
-0.693896529094079,-0.5438965290940789,-20.68307841776208,TCS.NS,2026-07-16
-0.8602103283547212,-0.7102103283547212,-24.79664763494146,TCS.NS,2026-07-17
0.06719425282580307,0.21719425282580307,0.10827603042182776,TCS.NS,2026-07-20
0.8356873776220798,0.9856873776220798,24.418826205468914,TCS.NS,2026-07-21
-0.5284476502290857,-0.37844765022908566,-16.84901182520404,TCS.NS,2026-07-22
1.3203221786039445,1.4703221786039444,40.720258952074985,TCS.NS,2026-07-23
0.09450305165135689,0.24450305165135688,0.5877583060551306,TCS.NS,2026-07-27
0.9546441787881722,1.1046441787881722,27.96262376800158,TCS.NS,2026-07-28
-0.8014657980456029,-0.6514657980456029,-23.84859797130472,TCS.NS,2026-07-29
-1.0548435112873786,-0.9048435112873787,-29.994783183750307,TCS.NS,2026-07-30
-0.8340322865206417,-0.6840322865206416,-24.657394852219937,TCS.NS,2026-07-31
2.7322180852932534,2.8822180852932533,95.71299007744045,TCS.NS,2026-08-03
0.830750268846231,0.9807502688462311,24.25201955717615,TCS.NS,2026-08-05
1.1477269697001415,1.2977269697001415,35.23736540674618,TCS.NS,2026-08-06
0.7924603623164218,0.9424603623164218,22.514494326197166,TCS.NS,2026-08-07
-0.47717960808501536,-0.32717960808501534,-15.490906797488268,TCS.NS,2026-08-10
-0.6434210526315708,-0.49342105263157077,-19.404454587479425,TCS.NS,2026-08-11
2.947166617616365,3.097166617616365,107.7024668205365,TCS.NS,2026-08-12
0.9267353004159874,1.0767353004159874,27.01579898811055,TCS.NS,2026-08-13
-0.07381713260003461,0.07618286739996538,-3.989760037418788,TCS.NS,2026-08-14
0.48574092904317145,0.6357409290431715,12.934824537017242,TCS.NS,2026-08-17
0.30841519318926547,0.4584151931892655,7.379509913429172,TCS.NS,2026-08-18
-0.8663639878140726,-0.7163639878140726,-24.945936704654613,TCS.NS,2026-08-19
-0.01962190352021151,0.13037809647978849,-2.428054648656841,TCS.NS,2026-08-20
-0.7214642166631867,-0.5714642166631867,-21.37546380374299,TCS.NS,2026-08-21
-0.6443420867478232,-0.4943420867478232,-19.868146584275504,TCS.NS,2026-08-24
-1.0930647309423223,-0.9430647309423223,-30.302012541707768,TCS.NS,2026-08-25
0.853052769297863,1.003052769297863,25.00662314355706,TCS.NS,2026-08-26
0.3236485702249826,0.47364857022498263,7.849758323781941,TCS.NS,2026-08-27
0.8026315180203637,0.9526315180203637,22.852316821968,TCS.NS,2026-08-28
-0.7045049709915651,-0.554504970991565,-20.95001509161033,TCS.NS,2026-08-31
-0.8766959497484127,-0.7266959497484127,-25.70854178971792,TCS.NS,2026-09-01
0.05912048736847489,0.20912048736847488,-0.45700551106167,TCS.NS,2026-09-02
1.0633965714379081,1.213396571437908,32.26021907602545,TCS.NS,2026-09-04
-0.02241398792970903,0.12758601207029097,-2.508917763614915,TCS.NS,2026-09-07
-0.759593995859925,-0.609593995859925,-22.800523133319462,TCS.NS,2026-09-08
-1.075120826965009,-0.9251208269650091,-29.888215582101807,TCS.NS,2026-09-09
-0.6836624897967823,-0.5336624897967823,-20.876427505247598,TCS.NS,2026-09-10
-1.1967790031902124,-1.0467790031902124,-33.29124719958475,TCS.NS,2026-09-15
2.0177914871277016,2.1677914871277015,68.20638366795137,TCS.NS,2026-09-16
0.037570238319412225,0.18757023831941222,-1.0901395521571544,TCS.NS,2026-09-17
0.37455447020414157,0.5245544702041416,9.430734394496332,TCS.NS,2026-09-18
0.21303400150283772,0.3630340015028377,4.13509166744177,TCS.NS,2026-09-21
-0.5925814235410997,-0.44258142354109964,-18.10233514601064,TCS.NS,2026-09-22
-0.5358159035765585,-0.3858159035765585,-16.63147293933648,TCS.NS,2026-09-23
-0.7423106956800761,-0.5923106956800761,-22.36522851899555,TCS.NS,2026-09-24
0.4831914676688699,0.6331914676688699,12.49137928434263,TCS.NS,2026-09-25
-0.5849253433990175,-0.43492534339901745,-17.905002339226716,TCS.NS,2026-09-28
-0.8085306237711919,-0.6585306237711919,-23.534698919681084,TCS.NS,2026-09-29
-1.0604655337089262,-0.9104655337089262,-31.51050644270783,INFY.NS,2026-07-09
-0.03777111609855596,0.11222888390144403,-2.718248427810499,INFY.NS,2026-07-10
2.4401356091584616,2.5901356091584615,90.52708459533778,INFY.NS,2026-07-13
-0.6078826440457817,-0.4578826440457817,-19.291091304858742,INFY.NS,2026-07-14
-0.7479760809567636,-0.5979760809567636,-23.486166751778516,INFY.NS,2026-07-15
-0.8243014924804225,-0.6743014924804225,-25.041465482867753,INFY.NS,2026-07-16
0.8643046248089926,1.0143046248089926,27.778102283322383,INFY.NS,2026-07-17
0.13414075031507613,0.28414075031507613,2.6889368238521616,INFY.NS,2026-07-20
-0.8855617336794795,-0.7355617336794795,-27.090600473687655,INFY.NS,2026-07-21
-0.5576064266270718,-0.4076064266270718,-18.31299048004563,INFY.NS,2026-07-22
0.5096581657803524,0.6596581657803524,14.677538700881687,INFY.NS,2026-07-23
-1.0432893627579651,-0.8932893627579652,-30.562594905750263,INFY.NS,2026-07-24
0.5686142017615582,0.7186142017615582,16.69477182291308,INFY.NS,2026-07-27
-0.6454954954954905,-0.49549549549549043,-20.728173946153117,INFY.NS,2026-07-28
0.041001135493373836,0.19100113549337383,-0.638465179548009,INFY.NS,2026-07-29
-0.9088532883642474,-0.7588532883642474,-27.689652665139608,INFY.NS,2026-07-30
0.8509787226289646,1.0009787226289646,26.631716897582947,INFY.NS,2026-07-31
2.3873609604561365,2.5373609604561365,88.2046039581863,INFY.NS,2026-08-03
-0.6233218588640176,-0.47332185886401756,-19.711088210753182,INFY.NS,2026-08-04
-0.6475967668541914,-0.4975967668541914,-20.36839972302206,INFY.NS,2026-08-05
0.2773504273504258,0.42735042735042583,7.339033978557663,INFY.NS,2026-08-06
-0.37076723220972874,-0.22076723220972871,-13.025520841981397,INFY.NS,2026-08-07
-0.29349212812859726,-0.14349212812859724,-10.777788013428713,INFY.NS,2026-08-10
-0.5357796483486498,-0.38577964834864975,-17.706048684618846,INFY.NS,2026-08-11
-0.3729159072355991,-0.22291590723559906,-13.087511378143668,INFY.NS,2026-08-12
-0.46661922679538936,-0.31661922679538934,-15.764113718397477,INFY.NS,2026-08-13
-0.46996587030717063,-0.3199658703071706,-15.858740360454771,INFY.NS,2026-08-14
1.0632766880830093,1.2132766880830093,35.20634785093109,INFY.NS,2026-08-17
0.24306988726980353,0.3930698872698035,6.213868026807501,INFY.NS,2026-08-18
0.14382306380079105,0.29382306380079104,2.999152074441902,INFY.NS,2026-08-19
-0.5440455341506111,-0.39404553415061105,-17.936234353908333,INFY.NS,2026-08-20
-0.7528939038219772,-0.6028939038219772,-23.17663872529203,INFY.NS,2026-08-21
-0.7016952217914817,-0.5516952217914817,-21.819898974920747,INFY.NS,2026-08-24
-0.6037344827346468,-0.4537344827346468,-19.177990975573344,INFY.NS,2026-08-25
0.8138362524317712,0.9638362524317712,25.93390897794412,INFY.NS,2026-08-26
0.33377554022294154,0.48377554022294156,9.207558399847503,INFY.NS,2026-08-27
0.13050061666478055,0.28050061666478054,2.1869251507483423,INFY.NS,2026-08-28
-1.3134150452803914,-1.1634150452803915,-36.96792449417175,INFY.NS,2026-08-31
0.8636294423688685,1.0136294423688685,27.08749446944363,INFY.NS,2026-09-01
-0.027039834526426526,0.12296016547357347,-2.7547598548986474,INFY.NS,2026-09-02
0.1323818663745814,0.2823818663745814,2.632648263643711,INFY.NS,2026-09-04
1.0671881294302357,1.2171881294302356,35.35488148521928,INFY.NS,2026-09-07
-0.6908896360429294,-0.5408896360429294,-21.957558759512054,INFY.NS,2026-09-08
-0.13068477769452844,0.019315222305471558,-5.56134337130294,INFY.NS,2026-09-09
-0.7365361140324543,-0.5865361140324543,-23.181393320403508,INFY.NS,2026-09-10
-1.0969005448742073,-0.9469005448742074,-31.86916786839743,INFY.NS,2026-09-15
-0.6247254355522701,-0.4747254355522701,-19.7491953670491,INFY.NS,2026-09-16
-0.5402880138922038,-0.3902880138922038,-17.434536265630463,INFY.NS,2026-09-17
-0.7461550199068411,-0.596155019906841,-22.999002160479264,INFY.NS,2026-09-18
-0.7654269514863309,-0.6154269514863309,-23.50625185284667,INFY.NS,2026-09-21
-0.28618914533681805,-0.13618914533681803,-10.1954254944703,INFY.NS,2026-09-22
-0.05210474791972883,0.09789525208027117,-3.1604764489637005,INFY.NS,2026-09-23
-0.10073891625615436,0.049261083743845635,-4.651093318568577,INFY.NS,2026-09-24
-0.5263171098845941,-0.3763171098845941,-17.047199281787385,INFY.NS,2026-09-28
0.2633039905178881,0.41330399051788813,6.877080036686856,INFY.NS,2026-09-29
-0.36261732018474924,-0.21261732018474921,-17.970043914821577,ITC.NS,2026-07-09
-0.39696143125227945,-0.24696143125227943,-19.710972350184374,ITC.NS,2026-07-10
-0.3991979221972307,-0.2491979221972307,-19.8235155667709,ITC.NS,2026-07-13
1.0522272301789872,1.2022272301789871,80.05584209484537,ITC.NS,2026-07-14
-0.3585589128702603,-0.2085589128702603,-17.506189534710938,ITC.NS,2026-07-15
0.6966965256249903,0.8466965256249903,47.218798536680936,ITC.NS,2026-07-16
0.2973071910528148,0.4473071910528148,20.08018512480454,ITC.NS,2026-07-17
0.4544487847222113,0.6044487847222113,30.401946434602035,ITC.NS,2026-07-20
-0.35286194470553467,-0.20286194470553465,-17.47119160287005,ITC.NS,2026-07-21
-0.4093475711587523,-0.2593475711587523,-20.160834738275557,ITC.NS,2026-07-22
-0.41661927925570874,-0.2666192792557087,-20.69672413049064,ITC.NS,2026-07-23
-0.48741679610398425,-0.33741679610398423,-24.18228658709468,ITC.NS,2026-07-24
-0.01014199423622894,0.13985800576377105,2.316794652291132,ITC.NS,2026-07-27
-0.25543606516164596,-0.10543606516164594,-11.933201789037584,ITC.NS,2026-07-28
-0.7580611793697788,-0.6080611793697788,-36.5793209054979,ITC.NS,2026-07-29
-0.6009984568110359,-0.4509984568110359,-29.563426785427882,ITC.NS,2026-07-30
0.6793651148386094,0.8293651148386094,49.87778033650645,ITC.NS,2026-07-31
-1.4397678417884805,-1.2897678417884806,-61.513378254362536,ITC.NS,2026-08-03
-0.5506947374510017,-0.4006947374510017,-27.212176408037546,ITC.NS,2026-08-04
-0.2721235506147167,-0.12212355061471669,-12.851715885662617,ITC.NS,2026-08-05
-0.29894096466346876,-0.14894096466346873,-14.314286066115567,ITC.NS,2026-08-06
-0.28164823309279596,-0.13164823309279594,-13.373080738357645,ITC.NS,2026-08-07
0.4653305335994341,0.6153305335994341,33.94152109042241,ITC.NS,2026-08-10
-0.35462524848476884,-0.20462524848476882,-17.298109293159193,ITC.NS,2026-08-11
0.5333281711557171,0.6833281711557171,38.89183275586265,ITC.NS,2026-08-12
-0.27631039184635153,-0.1263103918463515,-13.489900056084736,ITC.NS,2026-08-13
-0.4213458815345904,-0.2713458815345904,-20.77932958118072,ITC.NS,2026-08-14
0.7033065198247369,0.8533065198247369,51.724468995786886,ITC.NS,2026-08-17
-0.25073036501259127,-0.10073036501259125,-11.673022623709816,ITC.NS,2026-08-18
0.7958524676619562,0.9458524676619562,58.98219746298381,ITC.NS,2026-08-19
-0.4214870386280266,-0.2714870386280266,-20.78658640886403,ITC.NS,2026-08-20
-0.39073848017940327,-0.24073848017940325,-19.195039746974896,ITC.NS,2026-08-21
-0.22421603229360584,-0.07421603229360585,-10.197428779467,ITC.NS,2026-08-24
0.6485121249709737,0.7985121249709737,43.788365191351694,ITC.NS,2026-08-25
-0.42522935779816795,-0.27522935779816793,-21.126023667165406,ITC.NS,2026-08-26
0.27568718210855836,0.4256871821085584,20.697076570343032,ITC.NS,2026-08-27
-0.3176590754378871,-0.16765907543788705,-15.655065035183991,ITC.NS,2026-08-28
-0.01779750575425218,0.13220249424574781,1.850798501210038,ITC.NS,2026-08-31
-0.39321567688844195,-0.24321567688844192,-19.522254725982656,ITC.NS,2026-09-01
0.1891084842433667,0.3391084842433667,13.249557608788676,ITC.NS,2026-09-02
0.6608594931077961,0.8108594931077961,48.45913021350636,ITC.NS,2026-09-03
-0.09317337012785795,0.05682662987214204,-3.485498649881391,ITC.NS,2026-09-04
-0.3675958176886206,-0.21759581768862057,-18.22388416582682,ITC.NS,2026-09-07
-0.4432250973433415,-0.29322509734334146,-22.018461960380243,ITC.NS,2026-09-08
0.38395284091636295,0.533952840916363,28.156448699717362,ITC.NS,2026-09-09
-0.605499013637628,-0.455499013637628,-29.77131481481654,ITC.NS,2026-09-10
-0.39951781055062574,-0.24951781055062572,-19.839604520106967,ITC.NS,2026-09-11
-0.6903879354541119,-0.5403879354541119,-33.61662559600216,ITC.NS,2026-09-15
0.07766311185982158,0.22766311185982158,6.4536079017098125,ITC.NS,2026-09-16
-0.45063999752281136,-0.30063999752281134,-22.38427826722966,ITC.NS,2026-09-17
0.6817626491611496,0.8317626491611496,50.06213579239387,ITC.NS,2026-09-18
0.4528659157165217,0.6028659157165217,30.29563880752719,ITC.NS,2026-09-21
-0.3181031701572078,-0.16810317015720777,-15.678131949358786,ITC.NS,2026-09-22
1.2005932351840056,1.3505932351840055,85.48558624603797,ITC.NS,2026-09-23
-0.03818941236768944,0.11181058763231055,0.6162258708056756,ITC.NS,2026-09-24
-0.40295223395871427,-0.25295223395871425,-19.82981781938141,ITC.NS,2026-09-25
0.5799201699434432,0.7299201699434432,42.344551774751714,ITC.NS,2026-09-28
-0.4151503591826421,-0.26515035918264207,-20.46037120106192,ITC.NS,2026-09-29
-0.41829268292682953,-0.2682926829268295,-17.8492171555116,SBIN.NS,2026-07-09
-0.3446282646474007,-0.19462826464740068,-14.496991855304941,SBIN.NS,2026-07-10
0.5004806962985388,0.6504806962985388,24.413214300923624,SBIN.NS,2026-07-13
1.1742429976570103,1.3242429976570103,65.3960284921503,SBIN.NS,2026-07-14
0.2395218526537958,0.3895218526537958,11.351971003291773,SBIN.NS,2026-07-15
-0.343911184085549,-0.19391118408554897,-14.818569170871998,SBIN.NS,2026-07-16
0.21558848071555073,0.3655884807155507,10.195453199884753,SBIN.NS,2026-07-17
-0.9778145695364225,-0.8278145695364225,-38.430336437310054,SBIN.NS,2026-07-20
1.0798959318826853,1.2298959318826852,59.51532370494983,SBIN.NS,2026-07-21
0.33543689320388326,0.4854368932038833,17.31036691256047,SBIN.NS,2026-07-22
-0.4243233346781726,-0.2743233346781726,-18.091890118143073,SBIN.NS,2026-07-23
-0.5089954275367236,-0.35899542753672353,-21.212982212868127,SBIN.NS,2026-07-24
-0.34630938594066285,-0.19630938594066283,-14.567578823032889,SBIN.NS,2026-07-27
-0.3963782369098722,-0.24637823690987215,-16.651855375243464,SBIN.NS,2026-07-28
0.11574923297552067,0.26574923297552067,6.323723019810568,SBIN.NS,2026-07-29
1.064220022519741,1.2142200225197408,55.35400265732158,SBIN.NS,2026-07-30
-0.38312524663063885,-0.23312524663063883,-16.10354696176651,SBIN.NS,2026-07-31
0.6408903149785873,0.7908903149785873,31.777583625930774,SBIN.NS,2026-08-03
-0.514822185295377,-0.364822185295377,-21.678748222622147,SBIN.NS,2026-08-04
0.7876243097923176,0.9376243097923176,39.71958085094609,SBIN.NS,2026-08-05
-0.6111296340567228,-0.4611296340567228,-25.383074840334665,SBIN.NS,2026-08-06
0.9744194628456272,1.1244194628456272,50.18481850518475,SBIN.NS,2026-08-07
1.0948132780082944,1.2448132780082943,60.437409726980995,SBIN.NS,2026-08-10
-0.8617777647886459,-0.7117777647886459,-34.48148634216977,SBIN.NS,2026-08-12
-0.5194126172536727,-0.3694126172536727,-21.85794941143815,SBIN.NS,2026-08-13
-0.5609484089587001,-0.4109484089587001,-23.25821983235835,SBIN.NS,2026-08-14
-0.562319960752372,-0.412319960752372,-23.31171210918169,SBIN.NS,2026-08-17
0.6507536504945789,0.8007536504945789,34.25984683985315,SBIN.NS,2026-08-18
-0.33128274576099115,-0.18128274576099113,-13.935243659218843,SBIN.NS,2026-08-19
-0.3840030761252443,-0.2340030761252443,-16.1399403135395,SBIN.NS,2026-08-20
-0.287932956547282,-0.137932956547282,-12.491953905910936,SBIN.NS,2026-08-21
0.2428685015190392,0.3928685015190392,12.59823504455344,SBIN.NS,2026-08-24
-0.5011664737664511,-0.35116647376645105,-21.144094971632,SBIN.NS,2026-08-25
-0.6164981925287304,-0.46649819252873037,-25.58615301709376,SBIN.NS,2026-08-26
0.37460891567356336,0.5246089156735634,19.340599872559405,SBIN.NS,2026-08-27
-0.46506470460651583,-0.3150647046065158,-19.719361850541816,SBIN.NS,2026-08-28
-0.4104119448997633,-0.26041194489976327,-17.229807209037993,SBIN.NS,2026-08-31
0.7789361832462317,0.9289361832462317,41.542957132148885,SBIN.NS,2026-09-01
-0.4753351213744371,-0.3253351213744371,-20.126341164434848,SBIN.NS,2026-09-02
-0.5031712060050763,-0.35317120600507623,-21.22273138525631,SBIN.NS,2026-09-03
-0.40828400550530486,-0.25828400550530484,-17.44546120909858,SBIN.NS,2026-09-04
-0.5695045012751031,-0.4195045012751031,-23.591497441645938,SBIN.NS,2026-09-07
-0.33453926219608177,-0.18453926219608174,-14.072547844754657,SBIN.NS,2026-09-08
-0.279765203514598,-0.12976520351459797,-12.149191107937574,SBIN.NS,2026-09-09
-0.6340325452610373,-0.48403254526103723,-26.07277557689054,SBIN.NS,2026-09-10
-0.534615994357207,-0.38461599435720695,-22.449572599366753,SBIN.NS,2026-09-11
2.003036293924049,2.153036293924049,121.7750857243141,SBIN.NS,2026-09-15
-0.5165993995433437,-0.36659939954334364,-21.748158412956677,SBIN.NS,2026-09-16
-0.496871282338479,-0.34687128233847897,-20.97544473548022,SBIN.NS,2026-09-17
-0.36803310691543845,-0.21803310691543842,-15.47617776107989,SBIN.NS,2026-09-18
-0.3863002617914112,-0.23630026179141117,-16.554209588810785,SBIN.NS,2026-09-21
-0.31064318308390837,-0.16064318308390835,-13.06158302575997,SBIN.NS,2026-09-22
-0.30172972254131614,-0.15172972254131611,-12.682444766737033,SBIN.NS,2026-09-23
0.40894308943089663,0.5589430894308967,21.137763518428066,SBIN.NS,2026-09-24
-0.41517145369868713,-0.2651714536986871,-17.42519848444033,SBIN.NS,2026-09-25
0.9195212004266707,1.0695212004266708,49.78750241290615,SBIN.NS,2026-09-28
-0.589194004040977,-0.43919400404097697,-24.35463925525687,SBIN.NS,2026-09-29
-0.6901722870948533,-0.5401722870948533,-32.62960133840937,ICICIBANK.NS,2026-07-09
-0.2640645566406029,-0.11406455664060289,-12.586715322446418,ICICIBANK.NS,2026-07-10
0.8406711290829095,0.9906711290829096,54.80722699545373,ICICIBANK.NS,2026-07-13
-0.32904461165765275,-0.17904461165765273,-15.538575803854327,ICICIBANK.NS,2026-07-14
-0.720929906414186,-0.570929906414186,-33.94636669264409,ICICIBANK.NS,2026-07-15
-0.46124174620047464,-0.3112417462004746,-22.149537770655503,ICICIBANK.NS,2026-07-16
1.3175052410901391,1.467505241090139,90.19560857288731,ICICIBANK.NS,2026-07-17
-1.0525751250917978,-0.9025751250917979,-47.34340640005951,ICICIBANK.NS,2026-07-20
0.14303862318266206,0.29303862318266205,11.103725797014885,ICICIBANK.NS,2026-07-21
0.43653051934803855,0.5865305193480386,30.070571076967624,ICICIBANK.NS,2026-07-22
-0.21975446547361485,-0.06975446547361486,-9.794270723189625,ICICIBANK.NS,2026-07-23
-0.4027185388513598,-0.25271853885135975,-19.268219101628702,ICICIBANK.NS,2026-07-24
0.30861828211415376,0.4586182821141538,19.643815001296105,ICICIBANK.NS,2026-07-27
-0.3057093425605505,-0.15570934256055047,-14.694366331847842,ICICIBANK.NS,2026-07-28
-0.7337510796574463,-0.5837510796574463,-34.63168928181881,ICICIBANK.NS,2026-07-29
-0.3910530526534838,-0.24105305265348376,-18.91274431504948,ICICIBANK.NS,2026-07-30
-0.031577765804596675,0.11842223419540332,0.693194704021316,ICICIBANK.NS,2026-07-31
0.7972412853042122,0.9472412853042123,51.75888942981195,ICICIBANK.NS,2026-08-03
-0.3774912345587077,-0.22749123455870768,-18.251471432292334,ICICIBANK.NS,2026-08-04
-0.38146379278091713,-0.2314637927809171,-18.203968520464,ICICIBANK.NS,2026-08-05
-0.393868098649791,-0.24386809864979098,-19.049576601688955,ICICIBANK.NS,2026-08-06
1.8837814546708023,2.033781454670802,148.5638108529562,ICICIBANK.NS,2026-08-07
-0.3669873144957535,-0.21698731449575348,-17.473668353945847,ICICIBANK.NS,2026-08-10
-0.48019615894456236,-0.33019615894456233,-23.06737034471159,ICICIBANK.NS,2026-08-11
-0.5620416449100106,-0.4120416449100106,-26.956767190473442,ICICIBANK.NS,2026-08-12
0.5488002177568342,0.6988002177568342,37.80831118791939,ICICIBANK.NS,2026-08-13
-0.4832396572372276,-0.3332396572372276,-23.317065824328896,ICICIBANK.NS,2026-08-14
-0.38013738226680405,-0.23013738226680402,-18.137238357572862,ICICIBANK.NS,2026-08-17
-0.3830993788787761,-0.23309937887877608,-18.525339145867893,ICICIBANK.NS,2026-08-18
0.2407637655417462,0.3907637655417462,17.2152616771889,ICICIBANK.NS,2026-08-19
-0.38023519808796913,-0.2302351980879691,-18.385543100330327,ICICIBANK.NS,2026-08-20
0.07585764127562858,0.22585764127562857,5.819567291992356,ICICIBANK.NS,2026-08-21
-0.45188063179356075,-0.3018806317935607,-21.836588605029704,ICICIBANK.NS,2026-08-24
-0.47774346306960747,-0.32774346306960744,-23.058908202918893,ICICIBANK.NS,2026-08-25
-0.0112074947952788,0.1387925052047212,0.9018673439303404,ICICIBANK.NS,2026-08-27
0.31173047944664256,0.4617304794466426,21.781267591332607,ICICIBANK.NS,2026-08-28
-0.3465869337203552,-0.19658693372035518,-16.437020228310185,ICICIBANK.NS,2026-08-31
-0.34370375599921943,-0.1937037559992194,-16.589105661323,ICICIBANK.NS,2026-09-01
-0.49506881889377896,-0.34506881889377894,-23.87078105043536,ICICIBANK.NS,2026-09-02
-0.598585231193932,-0.448585231193932,-28.605587532476097,ICICIBANK.NS,2026-09-03
-0.4937166454810292,-0.3437166454810292,-23.71749578970307,ICICIBANK.NS,2026-09-04
-0.37029682916840934,-0.2202968291684093,-17.89928302654882,ICICIBANK.NS,2026-09-07
1.0920589686617856,1.2420589686617856,78.89089316771212,ICICIBANK.NS,2026-09-08
-0.4781872268353192,-0.3281872268353192,-22.970446739584617,ICICIBANK.NS,2026-09-09
-0.15722158221426738,-0.007221582214267386,-6.393190860328268,ICICIBANK.NS,2026-09-10
0.19922144984539383,0.3492214498453938,13.024558929031805,ICICIBANK.NS,2026-09-11
1.1293332617634935,1.2793332617634934,81.92261681999389,ICICIBANK.NS,2026-09-15
-0.5237132842811741,-0.3737132842811741,-25.14628585762855,ICICIBANK.NS,2026-09-16
-0.4262024110528394,-0.2762024110528394,-20.6106903966252,ICICIBANK.NS,2026-09-17
0.4439564819207876,0.5939564819207876,30.57419544986697,ICICIBANK.NS,2026-09-18
-0.1276965125076522,0.022303487492347784,-4.758335483768416,ICICIBANK.NS,2026-09-21
-0.2985552943224611,-0.14855529432246106,-14.33459507650402,ICICIBANK.NS,2026-09-22
-0.48320945017081274,-0.3332094501708127,-23.21259279887855,ICICIBANK.NS,2026-09-23
-0.5338672832903845,-0.38386728329038444,-25.668679545410832,ICICIBANK.NS,2026-09-24
0.11309853954250562,0.2630985395425056,9.272261109133396,ICICIBANK.NS,2026-09-25
0.6348851973542792,0.7848851973542792,43.919613958093386,ICICIBANK.NS,2026-09-28
-0.4786929621036272,-0.3286929621036272,-22.99485453916339,ICICIBANK.NS,2026-09-29
-0.5581816449531761,-0.4081816449531761,-20.141697507740332,AXISBANK.NS,2026-07-09
0.5498821735926253,0.6998821735926253,20.590914640910142,AXISBANK.NS,2026-07-10
-0.41493074443117994,-0.2649307444311799,-15.746440086453074,AXISBANK.NS,2026-07-13
-0.4931185665268677,-0.3431185665268677,-18.007219387352446,AXISBANK.NS,2026-07-14
-0.9016026383465047,-0.7516026383465046,-31.107088364155842,AXISBANK.NS,2026-07-15
-0.5258840523037099,-0.3758840523037099,-19.086951310754497,AXISBANK.NS,2026-07-16
0.9758214744396699,1.12582147443967,39.054008605045595,AXISBANK.NS,2026-07-17
0.19092195842854168,0.34092195842854167,6.791445268716667,AXISBANK.NS,2026-07-20
-0.6475533527408871,-0.4975533527408871,-23.010976502970138,AXISBANK.NS,2026-07-21
-0.06931579955609654,0.08068420044390345,-3.1532836322619384,AXISBANK.NS,2026-07-22
-0.6063832321536787,-0.4563832321536787,-22.027414120952937,AXISBANK.NS,2026-07-23
0.4887723351138463,0.6387723351138463,18.06083320401859,AXISBANK.NS,2026-07-24
-0.38170533219003533,-0.2317053321900353,-14.262400126403685,AXISBANK.NS,2026-07-27
-0.5035128472927696,-0.35351284729276955,-18.69104571730095,AXISBANK.NS,2026-07-28
-0.5805749027932793,-0.43057490279327926,-20.867431040160035,AXISBANK.NS,2026-07-29
-0.3951581367742151,-0.24515813677421505,-14.7206099381049,AXISBANK.NS,2026-07-30
-0.272149837133545,-0.12214983713354499,-10.468953810467452,AXISBANK.NS,2026-07-31
2.1912965656393726,2.3412965656393725,99.1222997174228,AXISBANK.NS,2026-08-03
-0.6303843074459469,-0.48038430744594685,-22.465376391390613,AXISBANK.NS,2026-08-04
-0.15,0.0,-6.108933419407137,AXISBANK.NS,2026-08-05
-0.3053794587275892,-0.15537945872758918,-11.631226043758435,AXISBANK.NS,2026-08-06
0.6512820512820484,0.8012820512820484,25.92152151594249,AXISBANK.NS,2026-08-07
0.028567465249590557,0.17856746524959055,0.5134476149351697,AXISBANK.NS,2026-08-11
-0.4660168103118699,-0.3160168103118699,-17.452714500750677,AXISBANK.NS,2026-08-12
-0.36659374042194426,-0.21659374042194424,-14.111674274250973,AXISBANK.NS,2026-08-13
-0.4433631819346028,-0.29336318193460276,-16.34887828359515,AXISBANK.NS,2026-08-14
-0.3800729492989984,-0.23007294929899835,-14.206687308311494,AXISBANK.NS,2026-08-17
0.6038339301457419,0.753833930145742,22.849730705227067,AXISBANK.NS,2026-08-18
-0.4619156958304226,-0.31191569583042256,-16.969876131169304,AXISBANK.NS,2026-08-19
0.3480680373295021,0.4980680373295021,12.35100589274718,AXISBANK.NS,2026-08-20
-0.4254940567366138,-0.27549405673661376,-16.101063722172317,AXISBANK.NS,2026-08-21
0.4691164649174241,0.6191164649174241,18.117513857623702,AXISBANK.NS,2026-08-24
-0.464442010846272,-0.314442010846272,-17.400445715280988,AXISBANK.NS,2026-08-25
0.3545286357393097,0.5045286357393097,12.609628623222147,AXISBANK.NS,2026-08-26
-0.43603016492683155,-0.28603016492683153,-16.453834564150625,AXISBANK.NS,2026-08-27
0.5745780244476973,0.7245780244476974,21.62195094623234,AXISBANK.NS,2026-08-28
-0.42559922010744755,-0.27559922010744753,-15.751324229288322,AXISBANK.NS,2026-08-31
-0.4187553932239739,-0.2687553932239739,-15.520336820076752,AXISBANK.NS,2026-09-01
-0.5111101422991037,-0.36111014229910365,-18.94050383740217,AXISBANK.NS,2026-09-02
-0.531172314369227,-0.38117231436922694,-19.596903459796078,AXISBANK.NS,2026-09-03
-0.42713991070859036,-0.27713991070859034,-15.803265243081466,AXISBANK.NS,2026-09-04
-0.37524108716956983,-0.2252410871695698,-14.041633726386182,AXISBANK.NS,2026-09-07
-0.37718019816161397,-0.22718019816161394,-14.10789836718569,AXISBANK.NS,2026-09-08
-0.407707280156938,-0.257707280156938,-15.503396341530017,AXISBANK.NS,2026-09-09
-0.5131564932801923,-0.3631564932801923,-19.007612650695847,AXISBANK.NS,2026-09-10
0.25290088638195163,0.40290088638195165,8.581214921133306,AXISBANK.NS,2026-09-11
1.0697072363439033,1.2197072363439032,44.99310625097379,AXISBANK.NS,2026-09-15
-0.4520171643756342,-0.3020171643756342,-16.63893981694027,AXISBANK.NS,2026-09-16
-0.5834583562701,-0.4334583562701,-21.291635904038685,AXISBANK.NS,2026-09-17
-0.37106109324759873,-0.2210610932475987,-13.898674678542445,AXISBANK.NS,2026-09-18
-0.3546539159686001,-0.20465391596860005,-13.335985431919472,AXISBANK.NS,2026-09-21
-0.3977998070293808,-0.24779980702938076,-15.169328011337068,AXISBANK.NS,2026-09-22
-0.40372729875654534,-0.2537272987565453,-15.01161481403921,AXISBANK.NS,2026-09-23
0.22783375314861534,0.37783375314861534,8.252925703431991,AXISBANK.NS,2026-09-24
-0.4046375608440732,-0.2546375608440732,-15.399977726906044,AXISBANK.NS,2026-09-25
-0.5015301902398571,-0.3515301902398571,-18.285344139962433,AXISBANK.NS,2026-09-28
-0.8191201207225994,-0.6691201207225994,-28.31739178023448,AXISBANK.NS,2026-09-29
