ticker,h,naive,t,mu,same_sign,a_zero,a_drift,n_eff,zero,drift,gated_t2,gated_t1,gated_stab
MSFT,5,0.039094134624582666,1.8683243780529244,0.005032342405855881,True,0.49404265411992404,0.43531698449836465,202.0,0.03905594913066678,0.03908284824290014,0.03905594913066678,0.03908284824290014,0.03908284824290014
MSFT,21,0.08145824145460238,1.9672971772978312,0.02098879322666525,True,0.3389752741884867,0.15945065049117116,47.476190476190474,0.07941215446926621,0.07966376808740748,0.07941215446926621,0.07966376808740748,0.07966376808740748
MSFT,63,0.1322175083887739,2.121990900071867,0.06470118486489175,True,0.37082842884330297,0.013591620211148299,15.301587301587302,0.12805006398343433,0.13006503985804208,0.13006503985804208,0.13006503985804208,0.13006503985804208
AAPL,5,0.039247024333598834,2.239262231616538,0.006645607491605249,True,0.14294227917283422,0.04051354836513388,202.0,0.03902957187864211,0.0388915282247669,0.0388915282247669,0.0388915282247669,0.0388915282247669
AAPL,21,0.07234154171148963,2.288158318271255,0.030054120637151766,True,0.0,0.0,47.476190476190474,0.07234154171148963,0.0701443175702483,0.0701443175702483,0.0701443175702483,0.0701443175702483
AAPL,63,0.1360045610299666,2.3402670855149874,0.09629075617246063,True,0.4464176718472751,0.0,15.301587301587302,0.12415853606965178,0.12916122964257432,0.12916122964257432,0.12916122964257432,0.12916122964257432
GOOGL,5,0.0435507879703332,1.6205654783249968,0.004795592953202336,True,0.1556890359999962,0.1351563671654895,202.0,0.043714795655304894,0.043139495307510795,0.043714795655304894,0.043139495307510795,0.043139495307510795
GOOGL,21,0.09199957854162974,1.6621211615958138,0.020199874136783653,True,0.30084054361414836,0.0,47.476190476190474,0.09326628077122759,0.08744362260727502,0.09326628077122759,0.08744362260727502,0.08744362260727502
GOOGL,63,0.191312564771877,1.596057110822776,0.05613650624815913,False,0.31386314682353444,0.0,15.301587301587302,0.18752136116129203,0.169544826123239,0.18752136116129203,0.169544826123239,0.18752136116129203
AMZN,5,0.04504026639899928,0.9171767049153985,0.003309329905321132,False,0.011749546687598212,0.0,202.0,0.04501198495031513,0.044754037541291536,0.04501198495031513,0.04501198495031513,0.04501198495031513
AMZN,21,0.08660574247361272,0.9442716364283333,0.014019034549589172,False,0.0,0.19109107686573953,47.476190476190474,0.08660574247361272,0.08374757562649286,0.08660574247361272,0.08660574247361272,0.08660574247361272
AMZN,63,0.13822889858139528,0.7092040206152426,0.03198008461764479,False,0.0,0.0,15.301587301587302,0.13822889858139528,0.12667766160918825,0.13822889858139528,0.13822889858139528,0.13822889858139528
JPM,5,0.03179229505660856,0.6741903161701324,0.0020966649416744917,False,0.29582155489752926,0.27614239199408575,202.0,0.031918808742279696,0.03162271762313592,0.031918808742279696,0.031918808742279696,0.031918808742279696
JPM,21,0.06509208120355882,0.8038904583835632,0.010080687777009422,True,0.2478045638045681,0.21022280955972403,47.476190476190474,0.06464954827492679,0.06188527363385411,0.06464954827492679,0.06464954827492679,0.06464954827492679
JPM,63,0.11973182903256215,0.6944546815796402,0.027488529656992864,True,0.3197837845465069,0.28135630500165715,15.301587301587302,0.11986707492163301,0.11393089225139538,0.11986707492163301,0.11986707492163301,0.11986707492163301
XOM,5,0.03343388842431332,1.0254795223791058,0.0035940346843080615,False,0.0,0.0,202.0,0.03343388842431332,0.03334414425135461,0.03343388842431332,0.03334414425135461,0.03343388842431332
XOM,21,0.06486649832563753,0.9931755367709026,0.015367121882905888,False,0.0,0.0,47.476190476190474,0.06486649832563753,0.06397794028571047,0.06486649832563753,0.06486649832563753,0.06486649832563753
XOM,63,0.11589729497945903,0.9043790034330813,0.04413555878266966,False,0.0,0.0,15.301587301587302,0.11589729497945903,0.11100395945016811,0.11589729497945903,0.11589729497945903,0.11589729497945903
KO,5,0.023243734383687296,0.3686602244027312,0.0007866539823007614,False,0.32338840733034646,0.32007900512305004,202.0,0.023032021065516946,0.022974047534391622,0.023032021065516946,0.023032021065516946,0.023032021065516946
KO,21,0.04833869798089523,0.4681129414113225,0.003940449213675572,False,0.31334841810971104,0.30505698596265435,47.476190476190474,0.047262330716826,0.04685089113171111,0.047262330716826,0.047262330716826,0.047262330716826
KO,63,0.08167711769815753,0.6380464045292075,0.012947464304983235,False,0.5411508625918007,0.5297618757000419,15.301587301587302,0.06863039350385651,0.06800352566137094,0.06863039350385651,0.06863039350385651,0.06863039350385651
PG,5,0.02305084044550628,0.8014425853211793,0.0015264041558731558,True,0.27311717649735295,0.25252411808513636,202.0,0.023060942067602022,0.023067733718984886,0.023060942067602022,0.023060942067602022,0.023060942067602022
PG,21,0.04155407785907528,0.8503254848626032,0.0065596457807660415,False,0.251247196429344,0.0,47.476190476190474,0.0412446981514716,0.04208097124409361,0.0412446981514716,0.0412446981514716,0.0412446981514716
PG,63,0.04971735380188991,0.9711832148859901,0.019668818436236277,False,0.0,0.0,15.301587301587302,0.04971735380188991,0.054085424550916944,0.04971735380188991,0.04971735380188991,0.04971735380188991
HDFCBANK.NS,5,0.02840754537210501,0.6729982067383059,0.0018638452744665483,True,0.22711795790405806,0.24021260353614918,198.2,0.0285165357529432,0.028516690438922396,0.0285165357529432,0.0285165357529432,0.0285165357529432
HDFCBANK.NS,21,0.059539709463641705,0.8743081133962217,0.009504077283917941,False,0.46615977929175856,0.5148166385882047,46.61904761904762,0.06098307701571341,0.06085646286506926,0.06098307701571341,0.06098307701571341,0.06098307701571341
HDFCBANK.NS,63,0.09105675023980395,0.9868626945121611,0.03231943228947386,True,0.5116506566760973,0.5024680357358763,15.0,0.09095521202123721,0.09112318990629811,0.09095521202123721,0.09095521202123721,0.09095521202123721
TCS.NS,5,0.033453732830018866,1.3913689347660174,0.003279167005358542,True,0.08875483093041975,0.04753195183965242,198.2,0.03368602126452575,0.034058239863002195,0.03368602126452575,0.034058239863002195,0.034058239863002195
TCS.NS,21,0.06870881709926914,1.2818680966912102,0.012658684721426386,True,0.22535595828467284,0.1572398378304301,46.61904761904762,0.07193219884314642,0.07436834546630997,0.07193219884314642,0.07436834546630997,0.07436834546630997
TCS.NS,63,0.11526875729784102,1.2402587222134285,0.03433753811114146,False,0.0,0.0,15.0,0.11526875729784102,0.12875811573976262,0.11526875729784102,0.12875811573976262,0.11526875729784102
ITC.NS,5,0.02597763794808812,1.2605890519998926,0.003508458052369157,False,0.08411726186859639,0.07484487572020841,198.2,0.025938942675734506,0.026543386539943488,0.025938942675734506,0.026543386539943488,0.025938942675734506
ITC.NS,21,0.05625202051750294,1.3838164892461235,0.015775648215704624,False,0.0,1.500616775292747e-05,46.61904761904762,0.05625202051750294,0.06164869179216532,0.05625202051750294,0.06164869179216532,0.05625202051750294
ITC.NS,63,0.09852828366041244,1.3435189020295661,0.0480784681099039,False,0.0,0.0,15.0,0.09852828366041244,0.12362093545800401,0.09852828366041244,0.12362093545800401,0.09852828366041244
RELIANCE.NS,5,0.02894013526934564,1.4112390650684519,0.004289603366646939,False,0.0,0.0,198.2,0.02894013526934564,0.029133744719607824,0.02894013526934564,0.029133744719607824,0.02894013526934564
RELIANCE.NS,21,0.05526813734024324,1.4878610648782413,0.021298598702574674,True,0.0,0.0,46.61904761904762,0.05526813734024324,0.057949093391266485,0.05526813734024324,0.057949093391266485,0.057949093391266485
RELIANCE.NS,63,0.10626590294942263,1.388077626059643,0.06342517108042636,True,0.4038594809371376,0.05019749321767347,15.0,0.10427494521761187,0.1175935035697429,0.10427494521761187,0.1175935035697429,0.1175935035697429
INFY.NS,5,0.03680228838122675,1.312453512061822,0.003973393218737825,True,0.0,0.0,198.2,0.03680228838122675,0.03721559174235382,0.03680228838122675,0.03721559174235382,0.03721559174235382
INFY.NS,21,0.07739257160121926,1.271539017256365,0.0163272016333781,False,0.11702920726578049,0.0,46.61904761904762,0.07676809360046195,0.08037064293791268,0.07676809360046195,0.08037064293791268,0.07676809360046195
INFY.NS,63,0.13994192094016147,1.1409450030089023,0.045793754147869216,False,0.6228333507312651,0.4475535435443466,15.0,0.1344808699379142,0.14205082580609976,0.1344808699379142,0.14205082580609976,0.1344808699379142
GC=F,5,0.029548919304565307,0.9205838335409987,0.0014681351995240765,True,0.2815575807792356,0.3010316863102894,202.0,0.02957072395531681,0.029278358370169896,0.02957072395531681,0.02957072395531681,0.02957072395531681
GC=F,21,0.05886911544638122,1.0168431094387915,0.00609454298113092,True,0.59528385483226,0.5563124328032308,47.523809523809526,0.06023421153459372,0.05835576867924127,0.06023421153459372,0.05835576867924127,0.05835576867924127
GC=F,63,0.12025818706852678,1.2629217108678812,0.021554456468943887,True,0.0,0.0,15.301587301587302,0.12025818706852678,0.10814399377347514,0.12025818706852678,0.10814399377347514,0.10814399377347514
CL=F,5,0.057723423843218755,0.21328199424759758,0.0018786244414615658,False,0.0,0.0,202.0,0.057723423843218755,0.057694402865185346,0.057723423843218755,0.057723423843218755,0.057723423843218755
CL=F,21,0.11429561550577653,0.6020063943664826,0.01916069594674096,False,0.0,0.0,47.523809523809526,0.11429561550577653,0.1145898134732084,0.11429561550577653,0.11429561550577653,0.11429561550577653
CL=F,63,0.20836984732645206,0.680853255549489,0.05765299928790253,False,0.0,0.13009118449606244,15.301587301587302,0.20836984732645206,0.2085448501450469,0.20836984732645206,0.20836984732645206,0.20836984732645206
BTC-USD,5,0.05418239644516942,1.8787204449627712,0.008758592694170321,False,0.08091043644473629,0.0,282.4,0.05421786608960113,0.05401780441095233,0.05421786608960113,0.05401780441095233,0.05421786608960113
BTC-USD,21,0.11881942357418752,1.658875775476754,0.03646053833076391,False,0.0,0.0,66.66666666666667,0.11881942357418752,0.11739609314165723,0.11881942357418752,0.11739609314165723,0.11881942357418752
BTC-USD,63,0.24255696691764342,1.4278791209506496,0.1176850321618411,False,0.10110319885421504,0.0,21.6984126984127,0.2384023115721275,0.2350540329820505,0.2384023115721275,0.2350540329820505,0.2384023115721275
