ticker,h,naive,zero,drift,drift_js,driftonly,dir_zero,dir_drift,a_zero,a_drift,mu,mu_js,k
MSFT,5,0.039094134624582666,0.03905594913066678,0.03908284824290014,0.03904657653989199,0.03892016923148609,0.5306666666666666,0.576,0.49404265411992404,0.43531698449836476,0.005032342405855881,0.00444684600626085,0.38276475137335647
AAPL,5,0.039247024333598834,0.03902957187864211,0.0388915282247669,0.03887544066131312,0.0389183154803816,0.5306666666666666,0.56,0.14294227917283422,0.04051354836513388,0.006645607491605249,0.006169954930831301,0.15134116898044356
GOOGL,5,0.0435507879703332,0.043714795655304894,0.043139495307510795,0.043189505694301945,0.04299299318640346,0.468,0.5653333333333334,0.1556890359999962,0.13515636716548945,0.004795592953202336,0.004134073363709632,0.5116551253397696
AMZN,5,0.04504026639899928,0.04501198495031513,0.044754037541291536,0.04474495032057131,0.044754037541291536,0.572,0.5573333333333333,0.01174954668759825,0.0,0.003309329905321132,0.003499954371288605,0.9858438532867895
JPM,5,0.03179229505660856,0.031918808742279696,0.03162271762313592,0.03150378869422428,0.03145205339336139,0.4653333333333333,0.5053333333333333,0.29582155489752926,0.27614239199408575,0.0020966649416744917,0.002792018603283815,0.4945522501599397
XOM,5,0.03343388842431332,0.03343388842431332,0.03334414425135461,0.03334163853546,0.03334414425135461,0.0,0.5226666666666666,0.0,0.0,0.0035940346843080615,0.0035030008097525133,0.9966151609195042
KO,5,0.023243734383687296,0.023032021065516946,0.022974047534391622,0.022931195548213452,0.02314828467854822,0.528,0.5493333333333333,0.32338840733034646,0.32007900512305004,0.0007866539823007614,0.0010850941920268237,0.10988073386094034
PG,5,0.02305084044550628,0.023060942067602022,0.023067733718984886,0.023079400328820224,0.023090653993896995,0.4866666666666667,0.49866666666666665,0.27311717649735295,0.2525241180851363,0.0015264041558731558,0.001835990465750083,0.15665044393132213
HDFCBANK.NS,5,0.028407045550619455,0.02851587791887932,0.02851603253932644,0.028546492055394154,0.028460363793670358,0.5380434782608695,0.5203804347826086,0.2271179579040581,0.2402126035361492,0.0018638452744665483,0.00245960033267676,0.36352099563858725
TCS.NS,5,0.03345496968778166,0.0336873892569012,0.034059643063778414,0.03410415574240964,0.03392171996680446,0.4375,0.42934782608695654,0.08875483093041975,0.04753195183965243,0.003279167005358542,0.0034930711326265932,0.956960018733863
ITC.NS,5,0.02597763794808812,0.025938942675734506,0.026543386539943488,0.026542012406764036,0.026581519462613248,0.5203804347826086,0.48233695652173914,0.08411726186859637,0.07484487572020841,0.003508458052369157,0.003502691751970656,0.9999785371031785
RELIANCE.NS,5,0.028940846697074637,0.028940846697074637,0.0291345476383544,0.029070523006669065,0.0291345476383544,0.001358695652173913,0.529891304347826,0.0,0.0,0.004289603366646939,0.003700205470612913,0.7490012758001692
INFY.NS,5,0.03680554029317719,0.03680554029317719,0.03721908688928484,0.03715552120956595,0.03721908688928484,0.0,0.5108695652173914,0.0,0.0,0.003973393218737825,0.00355344885221777,0.8921668738064263
GC=F,5,0.029548280402143957,0.0295700763168269,0.029277675231301224,0.029242539201994433,0.02928263614380879,0.4666666666666667,0.5306666666666666,0.2815575807792356,0.30103168631028937,0.0014681351995240765,0.001690789307583671,0.10943619204692519
CL=F,5,0.057724068433963466,0.057724068433963466,0.057695120306374505,0.057713020347756556,0.057695120306374505,0.0,0.492,0.0,0.0,0.0018786244414615658,0.0032667357833443857,0.8547130027699016
BTC-USD,5,0.054181058026654,0.05421653274323619,0.05401614446487939,0.053976397103072546,0.05401614446487939,0.49713740458015265,0.5248091603053435,0.08091043644473626,0.0,0.008758592694170321,0.008043996599855626,0.13596072021642042
MSFT,21,0.08145824145460238,0.07941215446926621,0.07966376808740748,0.07960889910297925,0.08020139118911257,0.5281501340482574,0.5495978552278821,0.3389752741884867,0.15945065049117113,0.02098879322666525,0.02018485047158914,0.13839725333935737
AAPL,21,0.07234154171148963,0.07234154171148963,0.0701443175702483,0.07007175929054692,0.0701443175702483,0.0,0.6085790884718498,0.0,0.0,0.030054120637151766,0.029521587272020776,0.03580230101931809
GOOGL,21,0.09199957854162974,0.09326628077122759,0.08744362260727502,0.08757734833163239,0.08744362260727502,0.450402144772118,0.631367292225201,0.30084054361414836,0.0,0.020199874136783653,0.01910454125485761,0.21819244817066308
AMZN,21,0.08660574247361272,0.08660574247361272,0.08374757562649286,0.08359661562086197,0.08419487753287075,0.0,0.6380697050938338,0.0,0.19109107686573953,0.014019034549589172,0.015047773304824777,0.8862261021270141
JPM,21,0.06509208120355882,0.06464954827492679,0.06188527363385411,0.061537045112894616,0.061635605664877524,0.49865951742627346,0.6568364611260054,0.2478045638045681,0.21022280955972406,0.010080687777009422,0.011220827387286266,0.22359382263799785
XOM,21,0.06486649832563753,0.06486649832563753,0.06397794028571047,0.06396665966165066,0.06397794028571047,0.0,0.5549597855227882,0.0,0.0,0.015367121882905888,0.015180417413246449,0.9969328871350167
KO,21,0.04833869798089523,0.047262330716826,0.04685089113171111,0.046768276685199145,0.04740653921956813,0.5576407506702413,0.5683646112600537,0.3133484181097111,0.3050569859626543,0.003940449213675572,0.004232850923013378,0.02601579005895159
PG,21,0.04155407785907528,0.0412446981514716,0.04208097124409361,0.042132089108827944,0.04208097124409361,0.5603217158176944,0.48257372654155495,0.251247196429344,0.0,0.0065596457807660415,0.006876310427331352,0.036735197377182914
HDFCBANK.NS,21,0.05953971145354768,0.06098264812469973,0.06085603318239565,0.0609314815292867,0.060363017430956914,0.575136612021858,0.5341530054644809,0.46615977929175856,0.5148166385882047,0.009504077283917941,0.010348054298944486,0.14869835297736683
TCS.NS,21,0.06871086371895223,0.07193432418062139,0.07437052316040701,0.07479861903810926,0.07191477925176314,0.4166666666666667,0.4248633879781421,0.22535595828467286,0.15723983783043016,0.012658684721426386,0.013723019012406293,0.42216083644281316
ITC.NS,21,0.05625202051750294,0.05625202051750294,0.06164869179216532,0.06139432146215906,0.06164865620968748,0.001366120218579235,0.4098360655737705,0.0,1.50061677529386e-05,0.015775648215704624,0.015212164530101935,0.9457515277244806
RELIANCE.NS,21,0.055268843762870626,0.055268843762870626,0.05795000120055313,0.05757455431874117,0.05795000120055313,0.001366120218579235,0.4918032786885246,0.0,0.0,0.021298598702574674,0.02003355440878635,0.20674861963658803
INFY.NS,21,0.07739669872447492,0.07677246981759632,0.08037510230091428,0.08010492687623971,0.08037510230091428,0.5997267759562842,0.5068306010928961,0.11702920726578049,0.0,0.0163272016333781,0.015344595828866858,0.8564068658267401
GC=F,21,0.05886833209088911,0.06023350953058018,0.05835499840637224,0.05829776707844306,0.05651942410257538,0.4624664879356568,0.5107238605898123,0.59528385483226,0.5563124328032308,0.00609454298113092,0.006279005202147583,0.020303371432446485
CL=F,21,0.11429275111882659,0.11429275111882659,0.11458738580276412,0.11432973022811148,0.11458738580276412,0.0,0.46380697050938335,0.0,0.0,0.01916069594674096,0.016164220945884218,0.7527218530341777
BTC-USD,21,0.1188200042659409,0.1188200042659409,0.11739602627437028,0.11728114999368579,0.11739602627437028,0.0,0.5296934865900383,0.0,0.0,0.03646053833076391,0.03543182350095038,0.04834028278687926
MSFT,63,0.1322175083887739,0.12805006398343433,0.13006503985804208,0.12989546694704138,0.1302375365249228,0.5292517006802722,0.6068027210884354,0.37082842884330297,0.013591620211148311,0.06470118486489175,0.06389395696677325,0.046300298949079485
AAPL,63,0.1360045610299666,0.12415853606965178,0.12916122964257432,0.12899975140120365,0.12916122964257432,0.6598639455782312,0.6884353741496598,0.4464176718472751,0.0,0.09629075617246063,0.09574868221998234,0.011057275817237948
GOOGL,63,0.191312564771877,0.18752136116129203,0.169544826123239,0.16999127020338278,0.169544826123239,0.6557823129251701,0.6993197278911565,0.31386314682353444,0.0,0.05613650624815913,0.05436489566664905,0.19973204486558568
AMZN,63,0.13822889858139528,0.13822889858139528,0.12667766160918825,0.1262239676912689,0.12667766160918825,0.0,0.6965986394557823,0.0,0.0,0.03198008461764479,0.03383523901345811,0.12135912187127794
JPM,63,0.11973182903256215,0.11986707492163301,0.11393089225139538,0.11321353820349027,0.1034992737656014,0.5482993197278911,0.7197278911564626,0.3197837845465069,0.2813563050016571,0.027488529656992864,0.028670814110289346,0.05977763498248909
XOM,63,0.11589729497945903,0.11589729497945903,0.11100395945016811,0.11124408872936734,0.11100395945016811,0.0,0.6068027210884354,0.0,0.0,0.04413555878266966,0.04662183292410945,0.7940803383790527
KO,63,0.08167711769815753,0.06863039350385651,0.06800352566137094,0.0679274903452603,0.0766932068085461,0.7537414965986394,0.7700680272108843,0.5411508625918008,0.5297618757000419,0.012947464304983235,0.013136866479091656,0.0055188552380912685
PG,63,0.04971735380188991,0.04971735380188991,0.054085424550916944,0.05417823095545949,0.054085424550916944,0.0,0.46802721088435373,0.0,0.0,0.019668818436236277,0.019902725520603175,0.008475584943471288
HDFCBANK.NS,63,0.09105620528330341,0.09095423637343672,0.09112221337660123,0.09129564496039216,0.09681390503643944,0.6149584487534626,0.6121883656509696,0.5116506566760973,0.5024680357358763,0.03231943228947386,0.03337776507561219,0.0708050486904976
TCS.NS,63,0.1152682859233,0.1152682859233,0.12875806635774034,0.1292038084080186,0.12875806635774034,0.0013850415512465374,0.40581717451523547,0.0,0.0,0.03433753811114146,0.03521472986529805,0.06784667156815062
ITC.NS,63,0.09852828366041244,0.09852828366041244,0.12362093545800401,0.12310064570288455,0.12362093545800401,0.0,0.2950138504155125,0.0,0.0,0.0480784681099039,0.047292071482657176,0.9685898329270357
RELIANCE.NS,63,0.10626635956566118,0.10427563394706049,0.11759427169623944,0.1167954357224726,0.11780747996952362,0.5138504155124654,0.44598337950138506,0.4038594809371376,0.050197493217673535,0.06342517108042636,0.06160523391142288,0.11262962162478932
INFY.NS,63,0.13994180471933,0.13448241350258242,0.14205240632837351,0.1425152854585523,0.15134803442767722,0.6066481994459834,0.49722991689750695,0.6228333507312651,0.44755354354434673,0.045793754147869216,0.04715139933310898,0.9218026394117643
GC=F,63,0.12025840485683871,0.12025840485683871,0.10814412196160259,0.10805604433633056,0.10814412196160259,0.0,0.8491847826086957,0.0,0.0,0.021554456468943887,0.021733029648808445,0.006945099333070614
CL=F,63,0.20836496370795343,0.20836496370795343,0.20854099589565187,0.20776709757425926,0.21149490581732955,0.0,0.40353260869565216,0.0,0.13009118449606244,0.05765299928790253,0.05232072641077179,0.5133884352188736
BTC-USD,63,0.24255988243559826,0.23840541611340554,0.23505573008279854,0.23478227752491365,0.23505573008279854,0.6495643756050339,0.5546950629235237,0.10110319885421504,0.0,0.1176850321618411,0.1161864165538173,0.02128157238640717
