Model,MAE,MSE,RMSE,MAPE (%),R2
LSTM (return),3.8473,25.6199,5.0616,0.9967,0.986
XGBoost (return),3.8346,25.7236,5.0718,0.9937,0.986
GRU (return),3.8215,25.7484,5.0743,0.9904,0.986
Transformer (return),4.1004,27.4984,5.2439,1.0576,0.985
Random Forest (return),4.0892,28.6997,5.3572,1.06,0.9843
Linear Regression (price),4.1261,30.0662,5.4833,1.0668,0.9836
Linear Regression (return),5.0152,44.361,6.6604,1.2816,0.9758
SVR (return),22.822,877.6503,29.6252,5.7252,0.5213
GRU (price),54.9805,3259.1768,57.0892,13.8846,-0.7777
LSTM (price),61.6435,4622.5729,67.9895,15.1665,-1.5213
Transformer (price),60.9638,4684.4499,68.443,14.9244,-1.5551
Random Forest (price),93.3511,10539.5355,102.6622,22.9678,-4.7487
XGBoost (price),95.6999,10916.6056,104.4826,23.6058,-4.9543
ARIMA (price),108.2135,13543.6572,116.3772,26.8236,-6.3872
SVR (price),182.1465,42431.8112,205.9898,44.4755,-22.1439
