week,date,symbol,cp,expiry,dte,strike,prev_spot,spot,open,close,lot,prev_vol,margin
Week 1 (16-22 Sep),2026-09-16,NIFTY,CE,2026-09-22,6,23100.0,23118.6,23217.6,246.05,242.5,75,45372.0,208067.4
Week 1 (16-22 Sep),2026-09-16,NIFTY,PE,2026-09-22,6,23100.0,23118.6,23217.6,120.0,99.15,75,195571.0,208067.4
Week 1 (16-22 Sep),2026-09-17,NIFTY,CE,2026-09-22,5,23200.0,23217.6,23270.6,159.0,183.0,75,2332111.0,208958.4
Week 1 (16-22 Sep),2026-09-17,NIFTY,PE,2026-09-22,5,23200.0,23217.6,23270.6,135.0,72.35,75,3561470.0,208958.4
Week 1 (16-22 Sep),2026-09-18,NIFTY,CE,2026-09-22,4,23250.0,23270.6,23346.4,165.95,154.55,75,1918628.0,209435.4
Week 1 (16-22 Sep),2026-09-18,NIFTY,PE,2026-09-22,4,23250.0,23270.6,23346.4,77.85,49.4,75,2252752.0,209435.4
Week 1 (16-22 Sep),2026-09-21,NIFTY,CE,2026-09-22,1,23350.0,23346.4,23414.3,79.0,124.75,75,5297934.0,210117.6
Week 1 (16-22 Sep),2026-09-21,NIFTY,PE,2026-09-22,1,23350.0,23346.4,23414.3,89.0,32.2,75,4033979.0,210117.6
Week 1 (16-22 Sep),2026-09-22,NIFTY,CE,2026-09-22,0,23400.0,23414.3,23329.0,84.75,6.75,75,8856058.0,210728.69999999998
Week 1 (16-22 Sep),2026-09-22,NIFTY,PE,2026-09-22,0,23400.0,23414.3,23329.0,27.0,62.7,75,8115411.0,210728.69999999998
Week 2 (23-29 Sep),2026-09-23,BANKNIFTY,CE,2026-09-29,6,56200.0,56215.55,56548.9,548.6,608.95,35,71558.0,236105.31
Week 2 (23-29 Sep),2026-09-23,BANKNIFTY,PE,2026-09-29,6,56200.0,56215.55,56548.9,250.0,130.55,35,91713.0,236105.31
Week 2 (23-29 Sep),2026-09-23,NIFTY,CE,2026-09-29,6,23350.0,23329.0,23446.8,147.8,167.25,75,266229.0,209961.0
Week 2 (23-29 Sep),2026-09-23,NIFTY,PE,2026-09-29,6,23350.0,23329.0,23446.8,112.3,66.6,75,273914.0,209961.0
Week 2 (23-29 Sep),2026-09-24,BANKNIFTY,CE,2026-09-29,5,56500.0,56548.9,55438.5,58.0,82.7,35,236578.0,237505.38
Week 2 (23-29 Sep),2026-09-24,BANKNIFTY,PE,2026-09-29,5,56500.0,56548.9,55438.5,661.0,938.75,35,234060.0,237505.38
Week 2 (23-29 Sep),2026-09-24,NIFTY,CE,2026-09-29,5,23450.0,23446.8,23063.1,45.0,23.55,75,2199764.0,211021.19999999998
Week 2 (23-29 Sep),2026-09-24,NIFTY,PE,2026-09-29,5,23450.0,23446.8,23063.1,186.0,363.4,75,1777930.0,211021.19999999998
Week 2 (23-29 Sep),2026-09-25,BANKNIFTY,CE,2026-09-29,4,55400.0,55438.5,55580.4,429.65,439.05,35,45486.0,232841.69999999998
Week 2 (23-29 Sep),2026-09-25,BANKNIFTY,PE,2026-09-29,4,55400.0,55438.5,55580.4,366.45,175.1,35,121755.0,232841.69999999998
Week 2 (23-29 Sep),2026-09-25,NIFTY,CE,2026-09-29,4,23050.0,23063.1,23140.5,149.0,183.0,75,302957.0,207567.9
Week 2 (23-29 Sep),2026-09-25,NIFTY,PE,2026-09-29,4,23050.0,23063.1,23140.5,104.35,44.85,75,1149168.0,207567.9
Week 2 (23-29 Sep),2026-09-28,BANKNIFTY,CE,2026-09-29,1,55600.0,55580.4,54471.65,200.0,18.55,35,323931.0,233437.68
Week 2 (23-29 Sep),2026-09-28,BANKNIFTY,PE,2026-09-29,1,55600.0,55580.4,54471.65,311.0,1058.7,35,424910.0,233437.68
Week 2 (23-29 Sep),2026-09-28,NIFTY,CE,2026-09-29,1,23150.0,23140.5,22780.25,79.4,9.0,75,3355329.0,208264.5
Week 2 (23-29 Sep),2026-09-28,NIFTY,PE,2026-09-29,1,23150.0,23140.5,22780.25,101.5,343.85,75,2725795.0,208264.5
Week 2 (23-29 Sep),2026-09-29,BANKNIFTY,CE,2026-09-29,0,54500.0,54471.65,54259.95,145.95,16.7,35,322938.0,228780.93
Week 2 (23-29 Sep),2026-09-29,BANKNIFTY,PE,2026-09-29,0,54500.0,54471.65,54259.95,241.0,227.55,35,966635.0,228780.93
Week 2 (23-29 Sep),2026-09-29,NIFTY,CE,2026-09-29,0,22800.0,22780.25,22716.2,44.0,2.35,75,4243861.0,205022.25
Week 2 (23-29 Sep),2026-09-29,NIFTY,PE,2026-09-29,0,22800.0,22780.25,22716.2,77.15,122.2,75,11147805.0,205022.25
