date,ticker,side,signal,entry,gross_pct,net_pct,exit,buyhold_pct
2026-07-22,HDFCBANK.NS,short,0.41879243287797063,760.25,0.9339001099556099,0.7839001099556099,closed,-0.9339001099556099
2026-07-23,HDFCBANK.NS,short,0.42546031370677667,749.4000244140625,0.2868994320814888,0.13689943208148883,closed,-0.2868994320814888
2026-07-24,HDFCBANK.NS,short,0.40216587454751584,738.5,-0.5822596876057906,-0.7322596876057906,closed,0.5822596876057906
2026-07-27,HDFCBANK.NS,short,0.4514012758170455,746.0999755859375,0.8778967976543428,0.7278967976543428,closed,-0.8778967976543428
2026-07-28,HDFCBANK.NS,short,0.43004352615322583,732.0,-0.4644842095713697,-0.6144842095713697,closed,0.4644842095713697
2026-07-29,HDFCBANK.NS,short,0.40214770705807995,743.0,-0.6998670534362317,-0.8498670534362317,closed,0.6998670534362317
2026-07-30,HDFCBANK.NS,short,0.3939084169530734,752.7999877929688,-0.15276626364382206,-0.3027662636438221,closed,0.15276626364382206
2026-07-31,HDFCBANK.NS,short,0.36382539325916685,753.9500122070312,0.7692801510793101,0.6192801510793101,closed,-0.7692801510793101
2026-08-03,HDFCBANK.NS,short,0.3945715110693821,753.0499877929688,0.006638044456419578,-0.14336195554358042,closed,-0.006638044456419578
2026-08-05,HDFCBANK.NS,short,0.5054384746337628,733.7999877929688,-0.1635339638857758,-0.3135339638857758,closed,0.1635339638857758
2026-08-06,HDFCBANK.NS,short,0.5589386130066093,739.0,0.6359962391111251,0.4859962391111251,closed,-0.6359962391111251
2026-08-06,SBIN.NS,short,0.347243059192644,1052.5,-1.3513398159144874,-1.5013398159144873,stopped,3.087885985748229
2026-08-07,HDFCBANK.NS,short,0.5610446095023642,733.0,0.27285129604365244,0.12285129604365244,closed,-0.27285129604365244
2026-08-10,HDFCBANK.NS,short,0.5435254290578301,731.5,0.06835269993165083,-0.08164730006834917,closed,-0.06835269993165083
2026-08-11,HDFCBANK.NS,short,0.5507268625656145,730.5,0.2053388090349051,0.055338809034905095,closed,-0.2053388090349051
2026-08-12,HDFCBANK.NS,short,0.5406153256049696,729.0,0.0,-0.15,closed,0.0
2026-08-12,SBIN.NS,short,0.32638995310011465,1066.0,-1.5695529877420622,-1.7195529877420621,stopped,1.5009380863039379
2026-08-13,HDFCBANK.NS,short,0.5419533717519415,726.9000244140625,0.2613873091549368,0.1113873091549368,closed,-0.2613873091549368
2026-08-14,HDFCBANK.NS,short,0.45271837399740117,725.0,-0.2758620689655267,-0.4258620689655267,closed,0.2758620689655267
2026-08-17,HDFCBANK.NS,short,0.42382488707672866,727.0499877929688,-0.2682088219203127,-0.4182088219203127,closed,0.2682088219203127
2026-08-18,HDFCBANK.NS,short,0.5875658303686991,726.2999877929688,0.4543560303500116,0.3043560303500116,closed,-0.4543560303500116
2026-08-19,HDFCBANK.NS,short,0.5766244981851423,724.0,0.5524861878453025,0.40248618784530243,closed,-0.5524861878453025
2026-08-20,HDFCBANK.NS,short,0.573175082520254,725.5,0.06202787140334731,-0.08797212859665268,closed,-0.06202787140334731
2026-08-21,HDFCBANK.NS,short,0.47274822043537024,728.2999877929688,0.18535982542420282,0.03535982542420282,closed,-0.18535982542420282
2026-08-24,HDFCBANK.NS,short,0.4730093626474761,732.5,0.4778156996587013,0.3278156996587013,closed,-0.4778156996587013
2026-08-25,HDFCBANK.NS,short,0.47407096947283967,726.5999755859375,-0.1238679389352626,-0.2738679389352626,closed,0.1238679389352626
2026-08-26,HDFCBANK.NS,short,0.44433712931506114,728.0,0.10988843310010266,-0.04011156689989734,closed,-0.10988843310010266
2026-08-27,HDFCBANK.NS,short,0.49939283292335007,728.1500244140625,2.355287212667889,2.2052872126678893,closed,-2.355287212667889
2026-08-27,SBIN.NS,short,0.3087140229609563,1052.0,0.8650166906784662,0.7150166906784662,closed,-0.8650166906784662
2026-08-28,HDFCBANK.NS,short,0.3612391927363153,710.8499755859375,-0.9244471104799645,-1.0744471104799644,stopped,1.3293961499037499
2026-08-31,HDFCBANK.NS,short,0.3952803265082282,723.0499877929688,-0.9424368047925347,-1.0924368047925346,stopped,-1.9431558025268525
2026-08-31,ITC.NS,short,0.5194606928267775,266.0,3.9473684210526327,3.797368421052633,closed,-3.9473684210526327
2026-09-02,HDFCBANK.NS,short,0.4119699988691189,702.2999877929688,0.21358394220023502,0.06358394220023503,closed,-0.21358394220023502
2026-09-03,HDFCBANK.NS,short,0.36863359248250993,705.0,-0.23404601617906806,-0.3840460161790681,closed,0.23404601617906806
2026-09-04,HDFCBANK.NS,short,0.3484711372755051,708.3499755859375,-0.5293993264978925,-0.6793993264978925,closed,0.5293993264978925
2026-09-04,SBIN.NS,short,0.3626990157345777,1026.0,0.9649146602400127,0.8149146602400127,closed,-0.9649146602400127
2026-09-07,HDFCBANK.NS,short,0.32574591610359244,712.0999755859375,0.22468412312764974,0.07468412312764974,closed,-0.22468412312764974
2026-09-09,HDFCBANK.NS,short,0.3559829311951154,698.0,1.561608082243915,1.411608082243915,closed,-1.561608082243915
2026-09-10,HDFCBANK.NS,short,0.3611591498590213,687.0999755859375,-0.9751146041473424,-1.1251146041473423,closed,0.9751146041473424
2026-09-11,HDFCBANK.NS,short,0.35670890267770566,683.9000244140625,-1.4985484947139582,-1.6485484947139581,stopped,3.5604583589245564
2026-09-14,HDFCBANK.NS,short,0.33762795666089523,708.25,0.0,-0.15,closed,0.0
2026-09-14,SBIN.NS,short,0.3712101743177625,995.7000122070312,0.0,-0.15,closed,0.0
2026-09-15,HDFCBANK.NS,short,0.3638908009144627,722.4000244140625,0.8098057064489628,0.6598057064489627,closed,-0.8098057064489628
2026-09-15,SBIN.NS,short,0.3976917287036504,994.0,2.6156941649899346,2.4656941649899347,closed,-2.6156941649899346
2026-09-16,HDFCBANK.NS,short,0.33264419621853636,714.9000244140625,-0.9232025962436996,-1.0732025962436995,closed,0.9232025962436996
2026-09-18,HDFCBANK.NS,short,0.3850044407721756,715.25,-1.5690819347006446,-1.7190819347006445,stopped,2.2020272631946947
