date,ticker,side,entry,exit,how,gross_pct,net_pct,pnl
2026-09-23,AXISBANK.NS,short,1241.5,1244.6500244140625,stopped,-0.2537272987565453,-0.40372729875654534,-50.46591234456817
2026-09-23,HDFCBANK.NS,long,739.4000244140625,737.25,closed,-0.290779597385904,-0.440779597385904,-55.097449673237996
2026-09-23,ICICIBANK.NS,short,1335.5,1339.9500122070312,stopped,-0.3332094501708127,-0.48320945017081274,-60.40118127135159
2026-09-23,INFY.NS,short,1021.5,1020.5,closed,0.09789525208027117,-0.05210474791972883,-6.513093489966103
2026-09-23,ITC.NS,long,266.54998779296875,270.1499938964844,closed,1.3505932351840055,1.2005932351840056,150.0741543980007
2026-09-23,RELIANCE.NS,short,1241.0999755859375,1243.5499877929688,stopped,-0.1974065148034887,-0.3474065148034887,-43.42581435043609
2026-09-23,SBIN.NS,short,988.5999755859375,990.0999755859375,stopped,-0.15172972254131611,-0.30172972254131614,-37.71621531766452
2026-09-23,TCS.NS,short,2086.5,2094.550048828125,stopped,-0.3858159035765585,-0.5358159035765585,-66.97698794706982
2026-09-24,AXISBANK.NS,short,1191.0,1186.5,closed,0.37783375314861534,0.22783375314861534,28.47921914357692
2026-09-24,HDFCBANK.NS,short,728.2999877929688,730.125,stopped,-0.2505852310339618,-0.4005852310339618,-50.073153879245226
2026-09-24,ICICIBANK.NS,long,1341.5999755859375,1336.4500122070312,stopped,-0.38386728329038444,-0.5338672832903845,-66.73341041129805
2026-09-24,INFY.NS,short,1015.0,1014.5,closed,0.049261083743845635,-0.10073891625615436,-12.592364532019294
2026-09-24,ITC.NS,short,268.29998779296875,268.0,closed,0.11181058763231055,-0.03818941236768944,-4.77367654596118
2026-09-24,RELIANCE.NS,short,1236.0,1219.199951171875,closed,1.3592272514664216,1.2092272514664217,151.1534064333027
2026-09-24,SBIN.NS,short,984.0,978.5,closed,0.5589430894308967,0.40894308943089663,51.11788617886208
2026-09-24,TCS.NS,long,2093.5,2081.0999755859375,stopped,-0.5923106956800761,-0.7423106956800761,-92.78883696000952
2026-09-25,AXISBANK.NS,long,1197.800048828125,1194.75,stopped,-0.2546375608440732,-0.4046375608440732,-50.57969510550915
2026-09-25,HDFCBANK.NS,long,730.8499755859375,728.3999938964844,stopped,-0.3352236124094965,-0.4852236124094965,-60.65295155118706
2026-09-25,ICICIBANK.NS,short,1330.300048828125,1326.800048828125,closed,0.2630985395425056,0.11309853954250562,14.137317442813202
2026-09-25,ITC.NS,short,266.8500061035156,267.52500915527344,stopped,-0.25295223395871425,-0.40295223395871427,-50.36902924483928
2026-09-25,RELIANCE.NS,long,1223.5,1219.25,stopped,-0.34736411932979605,-0.4973641193297961,-62.17051491622451
2026-09-25,SBIN.NS,short,980.5,983.1000061035156,stopped,-0.2651714536986871,-0.41517145369868713,-51.89643171233589
2026-09-25,TCS.NS,long,2068.89990234375,2082.0,closed,0.6331914676688699,0.4831914676688699,60.39893345860874
2026-09-28,AXISBANK.NS,short,1209.0,1213.25,stopped,-0.3515301902398571,-0.5015301902398571,-62.69127377998214
2026-09-28,HDFCBANK.NS,short,724.5,719.0499877929688,closed,0.7522446110464154,0.6022446110464154,75.28057638080192
2026-09-28,ICICIBANK.NS,short,1312.300048828125,1302.0,closed,0.7848851973542792,0.6348851973542792,79.3606496692849
2026-09-28,INFY.NS,short,996.5,1000.25,stopped,-0.3763171098845941,-0.5263171098845941,-65.78963873557426
2026-09-28,ITC.NS,short,267.1499938964844,265.20001220703125,closed,0.7299201699434432,0.5799201699434432,72.4900212429304
2026-09-28,RELIANCE.NS,short,1212.199951171875,1197.5999755859375,closed,1.2044197470741702,1.0544197470741703,131.8024683842713
2026-09-28,SBIN.NS,short,972.4000244140625,962.0,closed,1.0695212004266708,0.9195212004266707,114.94015005333384
2026-09-28,TCS.NS,short,2080.800048828125,2089.8499755859375,stopped,-0.43492534339901745,-0.5849253433990175,-73.11566792487719
2026-09-29,AXISBANK.NS,short,1195.5999755859375,1203.5999755859375,stopped,-0.6691201207225994,-0.8191201207225994,-102.39001509032492
2026-09-29,HDFCBANK.NS,short,708.5,712.0249938964844,stopped,-0.49752913147274036,-0.6475291314727404,-80.94114143409256
2026-09-29,ICICIBANK.NS,short,1293.0,1297.25,stopped,-0.3286929621036272,-0.4786929621036272,-59.8366202629534
2026-09-29,INFY.NS,short,992.0,987.5,closed,0.4536290322580627,0.3036290322580627,37.95362903225784
2026-09-29,ITC.NS,short,264.0,264.6999969482422,stopped,-0.26515035918264207,-0.4151503591826421,-51.893794897830254
2026-09-29,RELIANCE.NS,short,1190.0999755859375,1194.0999755859375,stopped,-0.3361062164572104,-0.4861062164572104,-60.7632770571513
2026-09-29,SBIN.NS,short,956.2999877929688,960.5,stopped,-0.43919400404097697,-0.589194004040977,-73.64925050512213
2026-09-29,TCS.NS,short,2057.60009765625,2071.1500244140625,stopped,-0.6585306237711919,-0.8085306237711919,-101.06632797139899
