ticker,h,naive,Ridge+RF+XGB,Ridge+XGB (no RF),RF alone,XGB alone,Ridge alone
HDFCBANK.NS,5,0.02843650365526179,-15.673655311032974,-20.147103851020297,-11.170175782138525,-24.84585557655654,-21.56253229701033
HDFCBANK.NS,21,0.059496208470160496,-18.04848214866852,-23.004676360390008,-13.37184823293196,-15.202827122660324,-38.55708353045975
RELIANCE.NS,5,0.02899068247269687,-6.453831646143304,-8.947275280203382,-4.077286809934977,-9.999096163411615,-15.11594272312744
RELIANCE.NS,21,0.05532059973200592,-12.157942394029387,-16.592113238786133,-10.611089522967454,-11.863536027875066,-36.3127447724517
TCS.NS,5,0.03345719977572758,-24.381862083624274,-30.134914660295074,-15.718561413890697,-25.183047040955707,-37.89502699915121
TCS.NS,21,0.06891539900766226,-42.63764193325166,-54.516485217261845,-22.975857326359804,-43.89455310477515,-68.88177447381256
ITC.NS,5,0.025958335029869536,-8.995482674786025,-13.996843497725742,-6.368657359586094,-16.707928993044185,-24.328600491578968
ITC.NS,21,0.05626782545780176,-18.959973872671988,-24.608006520482807,-21.0148114221391,-25.85461870110297,-43.207046599179755
MSFT,5,0.03909779001895533,-3.5407869454981977,-6.177648877158504,-0.13503525803442162,-5.753475822540066,-9.871120339064653
MSFT,21,0.08144522563984213,-0.16523084201440774,-2.588842835910521,1.258645261827851,-0.09274290262419882,-10.113488004692673
AAPL,5,0.039239947659671766,-0.6983862129830376,-2.0972369861844475,0.026064052819974037,-1.9303980138071886,-5.752239567440998
AAPL,21,0.07237693044745411,-9.34397800987703,-12.88074280991587,-5.790531414393785,-14.697533687811148,-19.448330022344784
JPM,5,0.031832161085210815,-5.10543135080328,-9.310490753003364,-0.19808246948616048,-4.567415589008528,-19.208874300367597
JPM,21,0.06511550468628055,-5.5907934613225185,-9.208346490854913,-3.0895183632980716,-2.753893701070842,-28.080233331638873
KO,5,0.023221049379876506,-4.376566387456338,-9.374532558195735,1.2233097080533994,-5.4578311764835075,-19.015133693053365
KO,21,0.048180241437571596,-11.920704939859172,-15.430822840201763,-9.911299894848735,-18.1639370850343,-18.605417001577962
